"r","gs_nonparam_delta","gs_nonparam_delta.s","gs_nonparam_R.s","gs_nonparam_var_R.s","gs_nonparam_normci_lb_R.s","gs_nonparam_normci_ub_R.s","gs_nonparam_quantci_lb_R.s","gs_nonparam_quantci_ub_R.s","gs_param_delta","gs_param_delta.s","gs_param_R.s","gs_param_var_R.s","gs_param_normci_lb_R.s","gs_param_normci_ub_R.s","gs_param_quantci_lb_R.s","gs_param_quantci_ub_R.s","cc_nonparam_delta","cc_nonparam_delta.s","cc_nonparam_R.s","cc_nonparam_var_R.s","cc_nonparam_normci_lb_R.s","cc_nonparam_normci_ub_R.s","cc_nonparam_quantci_lb_R.s","cc_nonparam_quantci_ub_R.s","cc_param_delta","cc_param_delta.s","cc_param_R.s","cc_param_var_R.s","cc_param_normci_lb_R.s","cc_param_normci_ub_R.s","cc_param_quantci_lb_R.s","cc_param_quantci_ub_R.s","ipw_nonparam_delta","ipw_nonparam_delta.s","ipw_nonparam_R.s","ipw_nonparam_var_R.s","ipw_nonparam_normci_lb_R.s","ipw_nonparam_normci_ub_R.s","ipw_nonparam_quantci_lb_R.s","ipw_nonparam_quantci_ub_R.s","ipw_param_delta","ipw_param_delta.s","ipw_param_R.s","ipw_param_var_R.s","ipw_param_normci_lb_R.s","ipw_param_normci_ub_R.s","ipw_param_quantci_lb_R.s","ipw_param_quantci_ub_R.s"
1,11.6310925653665,5.9253075112259,0.49056311967893,0.000464020725409868,0.448342484691586,0.532783754666274,0.447067590383418,0.530039556288487,11.6310925653665,5.98045210051675,0.485821983884426,0.000486075377655124,0.442609634135773,0.52903433363308,0.442534495231899,0.530608048157097,12.0082816004393,6.20449625004397,0.483315227233097,0.000629738288881618,0.434129837018445,0.53250061744775,0.432992999304637,0.53142423833918,12.0082816004393,6.18884815149836,0.4846183361263,0.000640007743181816,0.435033522461154,0.534203149791446,0.433975888063549,0.531489376797056,11.9589971735879,6.20915777990916,0.480796116113946,0.00400703818358517,0.356725821981705,0.604866410246187,0.326020479043359,0.573378348687438,12.0082816004393,6.18884815149841,0.484618336126296,0.00070584295483393,0.432545634109884,0.536691038142707,0.429395543355918,0.537122655321602
2,10.7992225568478,5.80268753385161,0.462675437671008,0.000502711054466616,0.418729848736066,0.506621026605951,0.416570331951404,0.501866235631043,10.7992225568478,5.80693052244375,0.462282540074,0.000550957206268836,0.416276483911769,0.508288596236231,0.414372645425969,0.506544398310437,10.9514833035972,5.6583826208343,0.483322718578615,0.000664023315127715,0.432816164871254,0.533829272285977,0.427107418036444,0.525491779513834,10.9514833035972,5.72001586452596,0.477694874205113,0.00075825627022612,0.423723425385383,0.531666323024842,0.418585575087436,0.533831127776053,11.5552996449602,5.60623162893738,0.514834595277456,0.00394469470484793,0.391733258249202,0.63793593230571,0.35616580326253,0.613934797147585,10.9514833035972,5.72001586452598,0.477694874205111,0.000659472618374327,0.427361684253084,0.528028064157138,0.422880086530626,0.526956993928253
3,12.3708898624231,5.87767862144177,0.524878267706886,0.000383726232148762,0.486483962225179,0.563272573188594,0.485275966193343,0.560619070997879,12.3708898624231,5.89500336816748,0.523477823040547,0.000330777006304223,0.487830762188097,0.559124883892997,0.487329915225808,0.554389092082202,11.9674607351576,5.84315925586505,0.511746110125166,0.000726211066582146,0.458927435081371,0.56456478516896,0.457790045685309,0.559915806222333,11.9674607351576,5.91661640738172,0.505608036799312,0.000654569031396944,0.455462325207846,0.555753748390778,0.45254704764975,0.548422577165605,12.2164407891161,5.82104283173264,0.523507465699932,0.00347416267947177,0.407981090575207,0.639033840824657,0.394231867837703,0.612267343126443,11.9674607351576,5.91661640738171,0.505608036799313,0.000579421496469575,0.458428532553958,0.552787541044669,0.455341805363194,0.551334417504961
4,12.3948648306245,6.04765570669054,0.512083771034892,0.000411785687803103,0.472310464681706,0.551857077388079,0.47177667245963,0.550963845798118,12.3948648306245,6.0198545003861,0.514326732671372,0.00040473584814496,0.474895358941388,0.553758106401356,0.474113153447665,0.553681205002959,11.9176836129053,5.93317622754464,0.502153571091634,0.000751230951296356,0.448432729488956,0.555874412694313,0.440113596806064,0.554585373450915,11.9176836129053,5.86335440945297,0.508012244669448,0.000569555545824854,0.461236133406959,0.554788355931937,0.461080059434833,0.552523548641121,10.966538609217,6.01942745043949,0.451109628576846,0.0055514700837222,0.305073580035305,0.597145677118386,0.274312284531463,0.567604161921151,11.9176836129053,5.86335440945288,0.508012244669455,0.000625107426211827,0.45900803374289,0.557016455596021,0.457735683111409,0.553420859682846
5,11.8103356108843,5.89957496454164,0.500473554781574,0.000454558608687388,0.458685609735981,0.542261499827166,0.453197481955269,0.538106476921744,11.8103356108843,5.8678648917369,0.50315849734794,0.000361419331144149,0.465896874966147,0.540420119729733,0.469659125277979,0.54348169465313,11.9843243929809,5.89404250238044,0.508187336298029,0.000560335974975651,0.461791359301457,0.554583313294602,0.458959641283951,0.554638900359838,11.9843243929809,5.86279597382364,0.51079461957343,0.000524516313530136,0.465906070142007,0.555683169004854,0.461561859072673,0.55488690105012,12.5965620508532,5.83929907356584,0.536437081007329,0.0030911624109378,0.42746456374789,0.645409598266767,0.405246070838568,0.620607196031639,11.9843243929809,5.86279597382365,0.510794619573429,0.000488345055762362,0.467481499549392,0.554107739597467,0.465233162622876,0.554960981517648
6,11.9100931568264,5.78443011048036,0.51432536804593,0.000394693180050241,0.475386270464181,0.55326446562768,0.478015862095993,0.551700157648071,11.9100931568264,5.83669200906543,0.509937333637055,0.000384750292685017,0.471491830332003,0.548382836942106,0.470177378985601,0.544841850371899,11.7652356921758,5.9051487162071,0.498084962281361,0.000611671810006131,0.449610242835865,0.546559681726857,0.447478930594934,0.540780830624169,11.7652356921758,5.99822456855803,0.490173871098307,0.000631810556425192,0.440907620646674,0.53944012154994,0.43660706786506,0.537890312683039,11.4123959442327,5.93687246218838,0.479787374079972,0.00425469500703501,0.351940448661229,0.607634299498715,0.337131348444642,0.583033740150307,11.7652356921758,5.99822456855808,0.490173871098303,0.000608565027189257,0.44182241394911,0.538525328247496,0.440749426283966,0.537411534105851
7,11.9843222009522,5.75874520432573,0.51947677075403,0.000358817096880774,0.482349533321423,0.556604008186637,0.482220544171869,0.554581305898706,11.9843222009522,5.78568223602762,0.517229081543893,0.000360440073754816,0.4800179731576,0.554440189930187,0.478603425461889,0.553638992080506,11.910031164041,5.84959366871014,0.508851522876671,0.000634014650241307,0.459499413698166,0.558203632055175,0.460147610607148,0.555052780299097,11.910031164041,5.93304705145229,0.501844540141469,0.000617067408106542,0.453156490735253,0.550532589547684,0.447223256488422,0.546668109169602,13.2849695074302,5.72819549111208,0.568821329404757,0.00228911916182999,0.475045638673704,0.66259702013581,0.47388200222469,0.647662299518314,11.910031164041,5.93304705145223,0.501844540141474,0.000615481039677536,0.453219115083946,0.550469965199001,0.450789534811044,0.546638143912537
8,11.3967209264181,5.81011995669023,0.490193714999013,0.000449430477231923,0.448642155204774,0.531745274793251,0.442122220419921,0.52757096875802,11.3967209264181,5.76857506327873,0.493839052432449,0.00041020180602136,0.454142311281422,0.533535793583476,0.452329788564579,0.533495259237235,11.9765184184487,5.87454978867816,0.509494363601615,0.000656498695344154,0.459274791838864,0.559713935364366,0.457661594528413,0.556532744575778,11.9765184184487,5.7905913500158,0.516504617811472,0.000665426026171667,0.465944746152803,0.567064489470141,0.460183657953354,0.5622649550518,12.0754451690389,5.86576869781361,0.514239962527155,0.00345883831943688,0.398968659559119,0.629511265495191,0.375039329059048,0.606407824747979,11.9765184184487,5.79059135001583,0.516504617811469,0.000598286530119711,0.468563220938747,0.564446014684192,0.465776651977063,0.561148557682228
9,12.1571390164269,5.89439958021202,0.515149117547522,0.000418815844584597,0.47503773576434,0.555260499330704,0.474283549741865,0.553153017661404,12.1571390164269,5.86963488057878,0.517186167514604,0.00039435747866804,0.478263633038402,0.556108701990806,0.476630164445354,0.555832500751946,12.6145697629545,5.99070436974645,0.525096417688418,0.000578828992525397,0.477941041985477,0.57225179339136,0.478206091912472,0.568395467210479,12.6145697629545,5.85373307389826,0.535954599808147,0.000512898427182048,0.491565968404796,0.580343231211498,0.490404563428528,0.575847238856512,12.1683832745619,6.03097049321797,0.50437372351463,0.00326149120137671,0.39243916853178,0.61630827849748,0.384684172240159,0.594709342839829,12.6145697629545,5.85373307389824,0.535954599808149,0.000527963019161209,0.490918805883652,0.580990393732645,0.4889823031515,0.580019331903847
10,11.5563017167242,5.93550536281354,0.486383662497861,0.000440974196297492,0.44522486668826,0.527542458307462,0.444150326919316,0.522612310729671,11.5563017167242,5.90139286896427,0.489335514628885,0.000409699274257311,0.449663096855489,0.529007932402281,0.452210257561084,0.526929615068327,11.9709716651444,5.89320451118462,0.5077087578159,0.000617864847750737,0.458989258648531,0.556428256983268,0.459591153917004,0.556114629011058,11.9709716651444,5.83015981230727,0.512975222447248,0.000611837360001163,0.46449394356374,0.561456501330756,0.457993194617402,0.552376544888246,12.2711436751489,5.86649814633071,0.521927352361513,0.00336580795446955,0.408216808268671,0.635637896454355,0.386284436541319,0.619960091152286,11.9709716651444,5.83015981230727,0.512975222447248,0.000546169018224514,0.467169514283185,0.558780930611311,0.467201780888957,0.554781811320398
11,12.6829830041504,6.12912102309027,0.516744521294038,0.000365222997018744,0.479287336865051,0.554201705723026,0.479492767398323,0.550419586576774,12.6829830041504,6.11846203703511,0.517584937626038,0.000326150745941274,0.482188035139973,0.552981840112103,0.481459483445769,0.549505013629867,12.8013107016428,5.95619084742172,0.534720234025931,0.000519652694152785,0.490040285616635,0.579400182435227,0.483926640771057,0.576785471791977,12.8013107016428,5.98991485327288,0.532085815829454,0.000509282494215263,0.487853931065436,0.576317700593472,0.490179033312941,0.575524613669102,12.9049028063932,5.94699919487955,0.539167455648456,0.00299976401313395,0.431818056801255,0.646516854495656,0.414177153226244,0.620779241085516,12.8013107016428,5.98991485327289,0.532085815829454,0.000562437726550445,0.485602907461795,0.578568724197113,0.480031870245718,0.573775837390137
12,12.8204160295033,6.2612980735825,0.51161506310142,0.00029914718558005,0.477715154132157,0.545514972070683,0.475045677622524,0.545618328036675,12.8204160295033,6.29872912981864,0.508695418672565,0.00028676405680839,0.475504564501045,0.541886272844085,0.474657171538241,0.540059357909498,13.343471782228,6.23855226602202,0.532464086720587,0.000390523912726182,0.49373119807116,0.571196975370014,0.490286262086615,0.566038910936675,13.343471782228,6.38073335343447,0.521808607417081,0.000417413152348476,0.481764452212334,0.561852762621829,0.480760852592572,0.559444675189489,12.9945352105485,6.27126377603147,0.517392221082238,0.0027116435804992,0.415328270645045,0.61945617151943,0.402385565892077,0.610380170518053,13.343471782228,6.38073335343453,0.521808607417077,0.000443158988372296,0.480547977638424,0.563069237195729,0.481631261230201,0.562207123993604
13,11.9327237541596,6.00820146215359,0.496493710410485,0.000434678797362625,0.455629764590872,0.537357656230098,0.454293105000441,0.53326031554172,11.9327237541596,6.03484458974951,0.4942609320319,0.000399254146969818,0.455097495882868,0.533424368180931,0.455467130565544,0.529675460791772,11.5094172352295,5.87750330976847,0.489330937471111,0.000690580585132914,0.437824293473986,0.540837581468236,0.429383169480721,0.534695764910399,11.5094172352295,5.94164885010171,0.483757628325893,0.000669418448203883,0.433046308971926,0.53446894767986,0.428968028510668,0.526414771404011,11.8075316062396,5.85062448365681,0.504500629025199,0.003598650294173,0.386922676287047,0.62207858176335,0.37165454096385,0.594380427657681,11.5094172352295,5.94164885010169,0.483757628325894,0.00071257332711022,0.431437252816666,0.536078003835122,0.429344740905293,0.532284221546123
14,11.9108893523677,5.98047040570177,0.497898920158053,0.000382410665653033,0.459570486676202,0.536227353639905,0.45850266279401,0.533293773517793,11.9108893523677,5.84718994633385,0.509088719292694,0.000387471215065128,0.47050751376728,0.547669924818107,0.465266590378681,0.545185147223123,11.7283892866525,5.99769140258067,0.488617639132567,0.000642768159677002,0.43892600842663,0.538309269838503,0.436645238672006,0.530401357203601,11.7283892866525,5.93278833360792,0.494151482475115,0.000647515906907173,0.4442766681098,0.544026296840429,0.445720186721357,0.539594228090827,13.5544463352713,5.83134557015173,0.569783565782584,0.00254364201248744,0.470931883170846,0.668635248394322,0.454407892835235,0.650798125026822,11.7283892866525,5.93278833360788,0.494151482475118,0.00062119907930386,0.445300705786782,0.543002259163455,0.445577419937069,0.540101793116012
15,11.7487636689618,6.39875795014696,0.45536754926381,0.000479277709700179,0.412458421451837,0.498276677075782,0.409130801437814,0.49443404856368,11.7487636689618,6.4150253778887,0.453982941640395,0.000475113408448273,0.411260632832293,0.496705250448498,0.409528165997155,0.494948692227497,12.1369356371153,6.16064642456423,0.492405117011192,0.000609737230461631,0.444007115559258,0.540803118463126,0.441121366600208,0.536290237788302,12.1369356371153,6.24813664302701,0.485196524902058,0.000530807994679893,0.440039554317637,0.530353495486479,0.437372300498719,0.526398762513378,11.6253645490309,6.20760257109302,0.466029426869843,0.00459790910718616,0.333125974596524,0.598932879143161,0.304936914619143,0.5689324568695,12.1369356371153,6.24813664302701,0.485196524902058,0.000645909668175552,0.435383609094376,0.53500944070974,0.43182590729635,0.532229884159978
16,12.328178224685,5.98717757168911,0.514350177084492,0.000379054513711527,0.47619030523101,0.552510048937975,0.473475605171971,0.551104357751632,12.328178224685,5.91813485295911,0.519950576224712,0.00035816545998683,0.48285706693959,0.557044085509833,0.483103553763165,0.55698721083161,11.9143335939737,6.06771041006351,0.490721796380406,0.00064500174476992,0.440943902665343,0.540499690095469,0.440763493121091,0.539824125392148,11.9143335939737,5.96293455377944,0.499515897658305,0.000649216572768095,0.449575629477748,0.549456165838861,0.451712226530508,0.547880260698682,13.8411525700344,5.88869410914557,0.574551752150006,0.00232535390614076,0.480036782087955,0.669066722212057,0.460151365215794,0.649962166630222,11.9143335939737,5.96293455377948,0.499515897658301,0.00063193649514105,0.450244737333686,0.548787057982915,0.449291631289028,0.546503383607049
17,12.5852215243985,5.99193372831456,0.523891278616096,0.000324427700551664,0.488588000376826,0.559194556855365,0.48786589141186,0.560460028110533,12.5852215243985,5.95468749053832,0.52685080044128,0.000296240312206532,0.493115999665633,0.560585601216928,0.492637285182423,0.558299118118798,12.0802377448012,5.97200290307301,0.50563862820969,0.000640448732909148,0.456036734573018,0.555240521846363,0.457497200969771,0.554695194303789,12.0802377448012,5.95003921080708,0.507456778872775,0.000568991651465628,0.460703828930869,0.554209728814681,0.459844764975927,0.549704870179738,12.2815374324938,5.95373989725334,0.515228453279696,0.00333064679318138,0.402113411306112,0.62834349525328,0.387730559073386,0.611233011845572,12.0802377448012,5.95003921080708,0.507456778872775,0.000608642256999058,0.45910225380544,0.555811303940111,0.455118644350959,0.552673544900964
18,10.9285100201794,5.78863709287737,0.470317812566516,0.000548709403549905,0.424405700388167,0.516229924744865,0.420754366559459,0.515264426987,10.9285100201794,5.69930192659015,0.478492318159892,0.000443628482138017,0.43720983789306,0.519774798426724,0.433045214965293,0.514347376844873,11.1954633661473,5.6194507712616,0.498060009891721,0.000749034098204767,0.444417774743813,0.551702245039629,0.432601160084615,0.54434249536579,11.1954633661473,5.53295435031918,0.505786034095772,0.000602765638609725,0.457665513761063,0.553906554430481,0.46014271973242,0.5546004291025,10.8364941320544,5.64973264608756,0.478638332911047,0.00464521080694443,0.345052997503459,0.612223668318634,0.317821613118921,0.591207619139001,11.1954633661473,5.53295435031913,0.505786034095776,0.000731010429164355,0.452793113203663,0.55877895498789,0.448481108698928,0.553839704855791
19,12.3829953276486,5.97668615697598,0.517347297738914,0.000370949502403841,0.479597600939673,0.555096994538155,0.477458293787246,0.552809365640047,12.3829953276486,5.88238643654498,0.524962557047012,0.000368895293556305,0.487317528693643,0.56260758540038,0.481375915681711,0.561904464145346,12.117408653297,5.81293786674783,0.520282097182043,0.000679603199075309,0.469186464789756,0.571377729574329,0.468826961686517,0.567715567738724,12.117408653297,5.74696017920281,0.525726964928338,0.000590978503438429,0.478079268039516,0.57337466181716,0.47315318908959,0.569815740674897,13.1080316434749,5.72617760008002,0.563155036863945,0.00281856477220687,0.459098329108462,0.667211744619427,0.45431014931659,0.652212628343779,12.117408653297,5.74696017920287,0.525726964928333,0.000609274720828836,0.477347322850946,0.57410660700572,0.475612907310211,0.570562115034002
20,11.5300901128324,5.86181300068435,0.491607355769018,0.000482568480278574,0.448551170686754,0.534663540851282,0.444513083129148,0.529664821671982,11.5300901128324,5.8457315742256,0.49300209130893,0.000445020180666061,0.451654908502278,0.534349274115583,0.451265187621401,0.530602513391151,11.3795917248221,5.66690909677899,0.502011211490316,0.000741595471025903,0.448636000376044,0.555386422604588,0.442782516405902,0.551258680794585,11.3795917248221,5.65400811388456,0.503144906196277,0.000747291257335264,0.449565114351038,0.556724698041516,0.450130462914345,0.552017026994427,11.3280622264636,5.67136771919977,0.499352351194644,0.00487067141894065,0.362563567579165,0.636141134810124,0.347701640261914,0.59714855215284,11.3795917248221,5.65400811388456,0.503144906196277,0.000698489078910823,0.451344176032081,0.554945636360473,0.442644443013552,0.552367904268578
21,11.4128262440384,5.70521904284609,0.500104626071369,0.000511204173270754,0.455789369646104,0.544419882496633,0.453455370054187,0.53918198966012,11.4128262440384,5.70738280060816,0.499915036068349,0.00039839133120452,0.460793940250935,0.539036131885762,0.457641389257767,0.535757932005687,11.2575963528926,5.63605915664311,0.49935501505213,0.000588116474083844,0.451822833881469,0.54688719622279,0.44849275197417,0.546509075192299,11.2575963528926,5.67891040229715,0.495548585658964,0.000651004095198539,0.445539613142878,0.545557558175051,0.439760306174227,0.542923283480151,13.1169975882434,5.47478637957089,0.582618938309643,0.00182368650737029,0.498917838635184,0.666320037984101,0.490570107170978,0.660771922818223,11.2575963528926,5.6789104022972,0.49554858565896,0.00059781426885303,0.447626113944473,0.543471057373447,0.448216436706465,0.542546989680888
22,11.9543586548867,5.90791690917002,0.50579390499088,0.000413029500171023,0.465960575631448,0.545627234350312,0.463399063237811,0.541416850476538,11.9543586548867,5.9570212485335,0.501686253482248,0.000356034473738388,0.464703256925541,0.538669250038954,0.461900261327078,0.535148461889069,11.8906951985282,6.00691013371793,0.494822629507695,0.00069399908919837,0.4431886590903,0.546456599925091,0.433855106364515,0.538074428429501,11.8906951985282,6.01754966977249,0.493927851206097,0.000622173652002541,0.445038769587263,0.54281693282493,0.43971167276369,0.538831103704212,12.8560791157654,5.91904924646578,0.539591410945251,0.00294464349229942,0.433232854918867,0.645949966971635,0.415759067993506,0.63532096505168,11.8906951985282,6.01754966977252,0.493927851206095,0.000612249215737262,0.445430257583563,0.542425444828627,0.442132260589757,0.541507364292362
23,11.4812957772858,6.06656702048437,0.471613035831177,0.00046788469794953,0.42921697639586,0.514009095266494,0.426188412958475,0.510830294513995,11.4812957772858,6.00747864669426,0.476759525821184,0.000423429909105011,0.436427797134977,0.517091254507391,0.432253404811453,0.51567164723733,11.5235165836054,6.13731654813312,0.46740940548784,0.000766755733864569,0.413136310613731,0.52168250036195,0.413216556085594,0.518641535497034,11.5235165836054,6.05954907760063,0.474157993904256,0.000668068713273487,0.423497824452196,0.524818163356316,0.421228352702778,0.52081490919018,12.4790796342103,6.04713169553108,0.515418454502576,0.00359761815772573,0.397857364363367,0.632979544641785,0.369788252341385,0.602384309436326,11.5235165836054,6.05954907760059,0.474157993904259,0.000734600192446727,0.421035116541457,0.527280871267061,0.423876456407103,0.53037635423353
24,12.4563425243894,6.18590350582351,0.503393271844319,0.000349264858691728,0.46676355875303,0.540022984935608,0.46190507213736,0.538466301068522,12.4563425243894,6.13401349745041,0.507559021804349,0.000384541408351224,0.469123956117895,0.545994087490804,0.467821454851541,0.544489004058599,12.3275941094913,6.34143081848845,0.485590557073417,0.000660499341048177,0.435218200879065,0.535962913267769,0.433952774912494,0.534318226989255,12.3275941094913,6.23720178440985,0.494045494277941,0.000671201458655119,0.443266684489118,0.544824304066764,0.439753221248641,0.537228045588155,12.0178522500732,6.37139033416638,0.469839518610528,0.00455829046999487,0.337509897325147,0.602169139895908,0.30296457610989,0.576452154726412,12.3275941094913,6.2372017844099,0.494045494277937,0.000610647853157542,0.445611365890094,0.542479622665779,0.448803717319484,0.544015192296759
25,11.6258791303125,6.02156848788941,0.482054783092557,0.000474432318773973,0.43936310713808,0.524746459047035,0.43421548658725,0.521619493735759,11.6258791303125,6.0390169543594,0.480553953239226,0.000415839838998362,0.440585336481873,0.520522569996578,0.440943364599824,0.518379004591579,11.7872713913466,5.84430429560428,0.504185141618545,0.000698468192024614,0.452385185957543,0.555985097279546,0.450804957354319,0.553658047794086,11.7872713913466,5.88011057125931,0.501147434717071,0.000654883222981892,0.450989689658035,0.551305179776107,0.446838649173369,0.549898862867486,11.7872713913471,5.84430429560454,0.504185141618545,0.00384044112920618,0.382721407763709,0.625648875473381,0.363241254650708,0.604721752266706,11.7872713913466,5.88011057125925,0.501147434717076,0.000605673734632628,0.452910973207502,0.549383896226651,0.453501813083856,0.547888733462457
26,11.8624803067446,5.90349462881641,0.502338931137372,0.000387126505734932,0.46377489109446,0.540902971180284,0.460708027373617,0.539109888558544,11.8624803067446,5.92336654378277,0.500663740582572,0.000355431007984854,0.463712099749253,0.537615381415891,0.465762921330708,0.539423803342704,11.1113403237929,5.88949907184968,0.469956017885766,0.000907359249283252,0.410916105182184,0.528995930589348,0.407395196159886,0.523146988494552,11.1113403237929,5.91590216279808,0.467579788719977,0.000774885243695909,0.413019737838565,0.522139839601388,0.414254220059343,0.520621818845022,10.699761753051,5.92665679470046,0.446094508318328,0.00589465283772156,0.295612288965372,0.596576727671284,0.279943898672534,0.561678906671516,11.1113403237929,5.91590216279806,0.467579788719979,0.000762915475598416,0.413442776509672,0.521716800930285,0.412271304258383,0.519225823069302
27,12.1144032023054,5.90069845462696,0.512918766522147,0.000381510408352023,0.474635475327095,0.551202057717198,0.472463313382437,0.549314039898516,12.1144032023054,5.85392077372716,0.516780094242434,0.000375387643693793,0.478805245039125,0.554754943445743,0.474184451375179,0.550658080376457,12.5706752257986,6.06361793246735,0.517637849713668,0.000506052680542972,0.473546444909853,0.561729254517483,0.472613074203577,0.559181072145975,12.5706752257986,6.00732780001933,0.522115742224365,0.00045073553709263,0.480503897284552,0.563727587164178,0.475197778659702,0.561584680508153,13.3261325363637,5.99381419571609,0.550221027791786,0.00249415833017026,0.452335591483916,0.648106464099656,0.435093995098883,0.635271505050844,12.5706752257986,6.00732780001922,0.522115742224374,0.000436014959066725,0.481189038634289,0.56304244581446,0.482682540893371,0.559798871081434
28,12.1890565272808,5.97084945681451,0.510146708775127,0.000379120061273495,0.471983537688485,0.548309879861768,0.473451779100412,0.544550013971041,12.1890565272808,5.89590707414241,0.516295042118595,0.000366635146890724,0.478765512674497,0.553824571562693,0.480029718057321,0.55373891729635,12.1082683206186,6.02231624395249,0.502627784214413,0.00066458344101092,0.452099933013441,0.553155635415385,0.44777607933749,0.549052118313097,12.1082683206186,5.86701056470896,0.515454199613473,0.000567065203423454,0.468780463042768,0.562127936184177,0.467449454897797,0.556575522844472,12.2128707039336,6.0128023162369,0.507666750758258,0.00357717391069439,0.390440169748132,0.624893331768383,0.363968697505286,0.607067861929321,12.1082683206186,5.86701056470895,0.515454199613474,0.000611476331689273,0.46698722657185,0.563921172655098,0.462988704447965,0.561813159753605
29,12.4604329377274,5.80041450641671,0.534493341009496,0.000373705093852316,0.49660369217841,0.572382989840583,0.492296337855246,0.569952154978018,12.4604329377274,5.90914714440943,0.525767108258505,0.000298627901790356,0.491896635165886,0.559637581351124,0.487489823027466,0.55840576851187,12.6183680298172,5.55419535982599,0.559832511882566,0.000556330060643571,0.513602677781973,0.606062345983158,0.513391648554051,0.604094371961179,12.6183680298172,5.76014132956101,0.543511386262488,0.000482696634239002,0.500449484422316,0.586573288102659,0.500241743734478,0.583667568886671,12.5171103622163,5.56263638620897,0.555597400259395,0.00270899676774134,0.453583273870178,0.657611526648612,0.443544428104571,0.640923649380019,12.6183680298172,5.76014132956102,0.543511386262487,0.000550383929602682,0.49752927121803,0.589493501306944,0.495132820879841,0.589534827276083
30,11.9413856994416,6.14159263662006,0.485688445947503,0.000461913577495768,0.443563783345795,0.527813108549211,0.436630049717122,0.522257193044144,11.9413856994416,6.11730316540376,0.487722503956151,0.000376255187528059,0.449703798975474,0.525741208936829,0.448536011338787,0.52321392862128,11.3510272119745,6.13722896991946,0.459323913571002,0.000699720454465312,0.407477543419621,0.511170283722382,0.40464623632775,0.507931374896678,11.3510272119745,6.07048148243119,0.46520421728641,0.000693339918105685,0.41359477406722,0.5168136605056,0.407692814501379,0.511879804089575,13.0237263385733,5.98061706638077,0.54079063772497,0.0026739742799158,0.439438086727353,0.642143188722586,0.429539933640625,0.625953932471005,11.3510272119745,6.07048148243118,0.46520421728641,0.000721380777435636,0.412561493244082,0.517846941328738,0.414158976191493,0.512384920590908
31,12.6109361901273,6.04312213706407,0.520803051735761,0.000375499385937179,0.482822550935794,0.558783552535727,0.482363619062155,0.557472708416246,12.6109361901273,6.04723555696753,0.520476872946062,0.000333203083996632,0.484699324574472,0.556254421317652,0.484191007095461,0.554789526330778,12.2705896975287,5.8326926251147,0.524660772718249,0.000532217524900244,0.479443886009224,0.569877659427274,0.477380397795154,0.569759691545546,12.2705896975287,5.86614073657524,0.52193489627017,0.000488435821324023,0.478617751267315,0.565252041273025,0.471506931771848,0.561209505841772,12.1164129901658,5.84626754976596,0.517491888522531,0.00397993117410767,0.393841964954208,0.641141812090854,0.383641544975125,0.609073979984241,12.2705896975287,5.86614073657521,0.521934896270172,0.00056247197776059,0.475450572571047,0.568419219969298,0.47271913119903,0.56862047308164
32,11.3696758255188,5.72586310801091,0.496391700530333,0.000438037758078945,0.455370171409199,0.537413229651467,0.455286910176382,0.534227753149956,11.3696758255188,5.78943192055416,0.49080061653473,0.000404733658659811,0.451369349460142,0.530231883609319,0.449175634253955,0.528554710787758,11.9198202020074,5.69436971005276,0.522277214458842,0.000629176392056809,0.473113772474727,0.571440656442957,0.475928395961683,0.569275578484922,11.9198202020074,5.72792919153023,0.519461779250195,0.000519569406225439,0.474785411549187,0.564138146951203,0.468507743202352,0.56162021530081,13.4587987290624,5.5610874488812,0.586806552291118,0.00236008490239916,0.491588370408367,0.682024734173868,0.476049680830849,0.670802087466596,11.9198202020074,5.72792919153027,0.519461779250191,0.000556801726068577,0.473212352109252,0.56571120639113,0.470312559900993,0.560258725948778
33,11.6375923411001,6.23633752851052,0.464121328044304,0.000475957857909729,0.421361069544781,0.506881586543827,0.416260214186541,0.503332292528906,11.6375923411001,6.1675381189026,0.47003315306716,0.000456612496188916,0.428150906645086,0.511915399489234,0.425763173917348,0.506600107842154,11.7440478028091,6.30666562770595,0.462990466864635,0.000713523538567526,0.410635218553114,0.515345715176156,0.4086889672179,0.51083226880193,11.7440478028091,6.22923185162918,0.46958391551002,0.000684744474142726,0.418295375153848,0.520872455866192,0.412884028402873,0.512882722049796,11.1843637808757,6.36031862221861,0.431320480375093,0.00487829015956239,0.294424755544202,0.568216205205983,0.270003995467553,0.546084501784351,11.7440478028091,6.22923185162919,0.46958391551002,0.00062311373612619,0.420657912927524,0.518509918092515,0.416548357694352,0.514260763731767
34,11.8375762536728,5.97494237703519,0.495256271301201,0.000425667462200521,0.454818119479072,0.53569442312333,0.454241941544066,0.532489734184579,11.8375762536728,5.98563920449296,0.494352638054956,0.000405862964948018,0.454866397842139,0.533838878267773,0.455055508548611,0.531300099991295,11.0122010070949,5.95064455309112,0.459631680419087,0.000792469573785115,0.404456041640249,0.514807319197926,0.403300083046105,0.510167409983249,11.0122010070949,5.95794429984762,0.458968802330338,0.000890359763072496,0.400484564575031,0.517453040085646,0.389837900066696,0.509167396970959,11.0122010070957,5.95064455309153,0.459631680419087,0.00499081141826963,0.321166157113014,0.59809720372516,0.287427095605731,0.564554071237551,11.0122010070949,5.95794429984762,0.458968802330339,0.000753471196365931,0.405167919921596,0.512769684739081,0.405280925904861,0.510764674344269
35,11.7216508818759,5.71361962571064,0.512558454155542,0.000415166387482756,0.472622215046761,0.552494693264323,0.473650272945723,0.54982753250548,11.7216508818759,5.75402322067929,0.509111533975457,0.000378913582409158,0.470958756642961,0.547264311307953,0.472951676623899,0.545888551722958,11.5150682913462,5.66913387109933,0.507676921433477,0.000622450443641519,0.458776966174875,0.556576876692079,0.459929958977404,0.555499623121426,11.5150682913462,5.71784472749616,0.503446737541868,0.000673447395689395,0.452583042087445,0.554310432996292,0.446297208331868,0.549072862711058,11.4167183718562,5.6776205984517,0.502692418826078,0.00406120145033742,0.377786408195619,0.627598429456537,0.341895454662924,0.602230296564436,11.5150682913462,5.71784472749614,0.50344673754187,0.000653359098625961,0.453347393102232,0.553546081981508,0.447715569585572,0.549006298007939
36,11.8668908426382,5.85822392014459,0.506338770801214,0.000411609606493762,0.466573968974643,0.546103572627784,0.465343890958957,0.545048393762589,11.8668908426382,5.87282217867213,0.505108603715233,0.000364205098516502,0.467703653421709,0.542513554008757,0.466200749147909,0.541749565371323,11.7750011218004,5.67645988067982,0.517922773682768,0.000653402081238597,0.46782178132447,0.568023766041066,0.463301651330314,0.566174755645851,11.7750011218004,5.68310963464124,0.517358038792925,0.000539271669043944,0.471842480532048,0.562873597053801,0.465992264560247,0.556117395294932,11.2144704199874,5.72460256278281,0.48953429378351,0.00400618704993247,0.365477177216097,0.613591410350922,0.343944329979442,0.588821107198534,11.7750011218004,5.68310963464124,0.517358038792925,0.000515726525146763,0.472847197203444,0.561868880382405,0.471612167840415,0.560877273109498
37,11.8804304293102,5.83626828327112,0.50874942469488,0.000446713739624208,0.467323641634805,0.550175207754954,0.459293880742827,0.544931316163561,11.8804304293102,5.86841989266216,0.506043158319907,0.000361743339448946,0.468764837370231,0.543321479269583,0.467812373941697,0.54046187714301,11.6148729368815,5.79278130246269,0.501261758613952,0.000643166696631946,0.451554725089698,0.550968792138206,0.446823135128714,0.543841758310109,11.6148729368815,5.82145615312585,0.498792954106232,0.000712107753890879,0.446489673641742,0.551096234570723,0.438799552433782,0.542067944699886,12.7494547414071,5.69383628021574,0.553405506690136,0.00284165794565638,0.448923387817893,0.657887625562379,0.421516442829972,0.631083714084795,11.6148729368815,5.82145615312585,0.498792954106233,0.000737609311773741,0.445561385163452,0.552024523049013,0.440288604503592,0.543221360476177
38,12.6726644182226,5.96771487924075,0.529087594976516,0.000321545448742016,0.493941485719767,0.564233704233265,0.492170705583759,0.561044551357461,12.6726644182226,5.90538728662971,0.534005865559095,0.000320551393491153,0.498914125316758,0.569097605801431,0.495092549466246,0.566350051449557,13.0969147120894,5.86478096189758,0.552201332082895,0.000476436029633867,0.509419599398939,0.594983064766851,0.507668376898856,0.592070545102973,13.0969147120894,5.82216504736581,0.55545522167969,0.000423138728152745,0.51513736288149,0.59577308047789,0.511772613780499,0.595947984016975,14.4025709675525,5.74961154723836,0.600792694568792,0.00180538232600228,0.517512704513736,0.684072684623849,0.507007513366822,0.666351785550069,13.0969147120894,5.82216504736578,0.555455221679692,0.0004219851275288,0.515192359561921,0.595718083797463,0.51619443442291,0.592358707762995
39,12.5904982403072,6.12188443822863,0.513769485417976,0.00042180409718884,0.473515260549514,0.554023710286437,0.470565687863233,0.553764219142726,12.5904982403072,6.04897389028828,0.519560403819197,0.000354833416259135,0.482639839740339,0.556480967898056,0.477312070833319,0.552102793276987,12.7226550681726,5.93581888864903,0.533444956509253,0.000621546002808951,0.484580540781744,0.582309372236763,0.481880716426974,0.580565669075849,12.7226550681726,5.96914784807824,0.530825302101378,0.000483304515685629,0.48773629390372,0.573914310299037,0.489524426833665,0.574831674772934,13.19022024244,5.89385316202078,0.55316491660563,0.003237844572706,0.441636876586505,0.664692956624754,0.418229246320142,0.636357388208413,12.7226550681726,5.96914784807823,0.530825302101379,0.000466688136836138,0.488483488884776,0.573167115317982,0.487652967681646,0.573368364520637
40,12.7723324506964,6.0826385917401,0.523764463912897,0.000322596181929381,0.488560976976233,0.558967950849562,0.485730040317469,0.555369974177272,12.7723324506964,6.12713735707947,0.520280467116608,0.000309442908778341,0.485802127853197,0.554758806380019,0.48498103197221,0.552652227889439,12.3092679459107,5.88012696746182,0.522300839229415,0.000592480572142636,0.474592628553021,0.570009049905808,0.472217432847592,0.566621164289542,12.3092679459107,5.92746251973766,0.518455317912969,0.000587433760565946,0.47095073355956,0.565959902266378,0.470372563457976,0.560559497135693,10.8170105048775,6.01324459592129,0.444093671425219,0.00574772262800107,0.295498748067357,0.592688594783081,0.275675242215976,0.552498257415583,12.3092679459107,5.92746251973772,0.518455317912965,0.000582611123745807,0.471146133889333,0.565764501936597,0.464845475981248,0.560995671902246
41,12.1013766029622,6.09969002077064,0.495950731813639,0.000415674503828982,0.455990061475049,0.535911402152228,0.454690524382496,0.537013504243714,12.1013766029622,6.18167930652652,0.489175528591237,0.000360980668337632,0.451936525711382,0.526414531471092,0.44796467368554,0.5241384283809,12.492782970131,6.28692179080108,0.496755702405742,0.000594912254972624,0.448949688990034,0.54456171582145,0.448463295807497,0.538910337066177,12.492782970131,6.2941831910366,0.496174454796392,0.000561044663779276,0.449749147254336,0.542599762338448,0.449746025283466,0.544681623930531,13.4275432390813,6.19731075252301,0.53846279679178,0.00231104806665419,0.444239008644313,0.632686584939247,0.426160477857966,0.619686995698245,12.492782970131,6.29418319103655,0.496174454796396,0.000581574353340026,0.448907383427513,0.543441526165278,0.448396280311772,0.541700016828642
42,11.3791755458656,5.9329920111927,0.478609677188049,0.000444952343894157,0.437265645886012,0.519953708490086,0.433781098973681,0.517071948554961,11.3791755458656,5.88499704853098,0.482827466294849,0.000444135778381172,0.441521389184706,0.524133543404992,0.439233565129922,0.520744523585098,11.1943196324438,6.04611169857954,0.459894670056009,0.000747061024789319,0.406323132530653,0.513466207581366,0.40051916918277,0.507762998164545,11.1943196324438,6.00697531992329,0.46339076271204,0.000675095237585746,0.412464876713764,0.514316648710316,0.411460850532561,0.510755316701218,10.8862553884935,6.07467600581694,0.441986634611039,0.00621518027419087,0.287467261905441,0.596506007316637,0.263463255231961,0.569525749854487,11.1943196324438,6.00697531992327,0.463390762712042,0.000664159846581323,0.412879016883702,0.513902508540382,0.407276652270662,0.510116828514522
43,11.7173221817202,6.14801860300172,0.475305150131227,0.000496404320933127,0.431636089695986,0.518974210566468,0.430019333406239,0.517093110362598,11.7173221817202,6.08582950772993,0.480612599590013,0.000443789956702539,0.439322606883929,0.521902592296097,0.43732725506719,0.520288921472472,11.8089425140256,6.19015747169978,0.475807637784019,0.000708057743686904,0.423653303082601,0.527961972485438,0.42140440285355,0.524208033566299,11.8089425140256,6.15149402304882,0.479081719997989,0.000821186148643051,0.422915282434021,0.535248157561957,0.419633926683429,0.529820633876575,12.1583358726884,6.15695356189006,0.493602280249506,0.0037985413020071,0.372802957959227,0.614401602539784,0.343577857300108,0.580433518995845,11.8089425140256,6.15149402304881,0.47908171999799,0.000697396742786129,0.427321510115425,0.530841929880555,0.420154316262122,0.525848999241635
44,12.2100830677423,5.99691792218575,0.508855272407694,0.000392339764283924,0.470032438424674,0.547678106390714,0.468344232457977,0.547197380085709,12.2100830677423,6.03270219109235,0.505924557791907,0.000388771574567937,0.467278666925475,0.544570448658339,0.466235233604832,0.54310829212079,12.3472868008812,6.0640858878634,0.508873002979842,0.000592194560252188,0.461176308936493,0.55656969702319,0.462310710664321,0.558680516621069,12.3472868008812,6.14487455102705,0.502329973368034,0.000594589886064613,0.454536914182564,0.550123032553504,0.449382931845309,0.54778347356903,12.0894269613826,6.08764488509679,0.49644884703447,0.00417518532986443,0.369802125943053,0.623095568125887,0.354934001351752,0.601137472919845,12.3472868008812,6.14487455102697,0.50232997336804,0.000594440453105537,0.454542920261051,0.55011702647503,0.455894492601692,0.546704195846974
45,11.6453542033872,5.93888630884969,0.490020981317828,0.000548218640314758,0.444129405526261,0.535912557109395,0.438318811630272,0.531651103022416,11.6453542033872,5.88308849987537,0.494812403545079,0.000426126077314659,0.454352473507918,0.53527233358224,0.455408009283324,0.532812665567252,12.4353232043281,6.13680798323846,0.50650193144135,0.000577824796534545,0.459387477837736,0.553616385044964,0.457135958503531,0.55038060705064,12.4353232043281,5.96957540773048,0.51995012034325,0.000457726538130195,0.478016812950666,0.561883427735834,0.474494554518967,0.558189566229878,12.9867113834771,6.08547346778946,0.531407660639016,0.0028713093517673,0.426381844737642,0.63643347654039,0.403836026826406,0.620911010491078,12.4353232043281,5.96957540773054,0.519950120343246,0.000546609308860456,0.474125952910347,0.565774287776144,0.47146304514044,0.562963198456647
46,11.7900609895287,6.0578975549877,0.486186071440344,0.000474027017786297,0.443512634837138,0.52885950804355,0.43879579485481,0.52395593033326,11.7900609895287,6.04022691320998,0.487684845856644,0.000388987826296978,0.449028208218297,0.526341483494991,0.448113664996697,0.525321779208299,11.6443851837511,6.26630396054324,0.4618604708055,0.000705003270885804,0.409818751335109,0.513902190275892,0.403931357709915,0.51281359719464,11.6443851837511,6.19375616804831,0.468090751868013,0.000705124362927809,0.416044563221547,0.520136940514478,0.414218918285984,0.517070066859644,10.722987884983,6.35387653142048,0.407452792116016,0.00717224454624685,0.24146214584683,0.573443438385202,0.216416648488658,0.528966300698448,11.6443851837511,6.19375616804827,0.468090751868017,0.000696066654403063,0.416379924572809,0.519801579163225,0.412174335603241,0.517448886392698
47,11.559773878594,5.96866699648122,0.483669225785307,0.000444814894816116,0.4423315807154,0.525006870855214,0.441345017434292,0.521537994701854,11.559773878594,5.97568714901641,0.483061934275203,0.000411722868014222,0.443291661837572,0.522832206712835,0.438159727425563,0.517582624792744,11.8044011243943,6.01928871586551,0.490080974677624,0.000648279698402076,0.440176753519675,0.539985195835572,0.439662792054082,0.53640541407193,11.8044011243943,6.08213004422641,0.484757423935941,0.000601016914015229,0.436706757167613,0.532808090704269,0.433562919565408,0.5275590131988,11.3715363039365,6.05915155504421,0.467165087188199,0.00437838412941838,0.337473142675158,0.59685703170124,0.319169851530509,0.570384513349444,11.8044011243943,6.08213004422638,0.484757423935943,0.000659693857026277,0.434415791849248,0.535099056022638,0.430059189678984,0.528083682312175
48,11.3074085756177,5.95487629171295,0.473365072829021,0.000488552376763483,0.430042759749332,0.51668738590871,0.427103874016811,0.512432700126192,11.3074085756177,5.89932111164281,0.478278239245411,0.000427456994873126,0.437755174313146,0.518801304177677,0.433314675219178,0.517358144888059,11.731499645773,6.17420799290469,0.473706842319231,0.000653901483647988,0.423586707247764,0.523826977390699,0.421016522581556,0.521871094957863,11.731499645773,6.05497087674155,0.483870684944935,0.000652727234142044,0.433795571937773,0.533945797952097,0.430293752151205,0.531033881343958,11.883802777537,6.15994885204356,0.481651709696225,0.00380918083225985,0.36068332917797,0.60262009021448,0.355144010070188,0.58795201731566,11.731499645773,6.05497087674157,0.483870684944933,0.000710645672273718,0.431621125955343,0.536120243934524,0.430247620111263,0.531497028169825
49,12.5983028216397,5.88230747851833,0.533087308521075,0.000364508357452395,0.495666788669139,0.570507828373011,0.495868345482133,0.567911379490157,12.5983028216397,5.89662144258465,0.531951126586971,0.000286130369889284,0.498796965023651,0.56510528815029,0.49698683302782,0.563140351450001,12.601237980337,5.80420242816019,0.539394269260123,0.000587121642991199,0.491902306743136,0.586886231777111,0.491082336018493,0.584440676424328,12.601237980337,5.83083576924398,0.537280719692585,0.000513557099212915,0.492863595153323,0.581697844231848,0.492838615425002,0.579102568909327,11.3096990944912,5.91783207632317,0.476747168348124,0.00478615295133549,0.341150394131882,0.612343942564365,0.307917570070758,0.592987646567817,12.601237980337,5.830835769244,0.537280719692583,0.000517694449325537,0.492685036083864,0.581876403301302,0.486645208510917,0.579699235938793
50,11.7151335611409,6.07917803491216,0.481083335227454,0.000474679948318203,0.438380519284483,0.523786151170424,0.433131484534352,0.522617309828066,11.7151335611409,6.04453969697494,0.484040052515946,0.00045063827126524,0.442432697602511,0.525647407429381,0.438383935748532,0.524101067996688,11.587643804054,6.18993621191505,0.465815802022714,0.00082962798204936,0.409361405773699,0.522270198271729,0.407134726304774,0.516788676188013,11.587643804054,6.09052753439193,0.474394653703359,0.000688296494092247,0.422973259209386,0.525816048197332,0.421229538881511,0.521803115424882,11.5876438040543,6.18993621191522,0.465815802022714,0.004665543763393,0.331938421851713,0.599693182193714,0.305006604997218,0.579224310824887,11.587643804054,6.09052753439186,0.474394653703365,0.00071308261902383,0.422055584269127,0.526733723137603,0.4204258161787,0.521846877746534
