"r","gs_nonparam_delta","gs_nonparam_delta.s","gs_nonparam_R.s","gs_param_delta","gs_param_delta.s","gs_param_R.s","cc_nonparam_delta","cc_nonparam_delta.s","cc_nonparam_R.s","cc_param_delta","cc_param_delta.s","cc_param_R.s","ipw_nonparam_delta","ipw_nonparam_delta.s","ipw_nonparam_R.s","ipw_param_delta","ipw_param_delta.s","ipw_param_R.s","smle_param_delta","smle_param_delta.s","smle_param_R.s","mle_param_delta","mle_param_delta.s","mle_param_R.s"
1,11.491316986148,6.04074247362751,0.474321134739454,11.491316986148,6.03348697906189,0.47495252403751,11.502405205246,6.36036355888241,0.447040558440632,11.502405205246,6.27513079122102,0.454450553666892,13.2853086943069,6.39091965303877,0.518948351137868,NA,NA,NA,11.4913169861481,6.2747365548457,0.453958448591279,11.491316986148,6.18904212508658,0.461415768745475
2,11.6776210379011,6.0885207185776,0.478616346701389,11.6776210379011,5.99263561669965,0.486827360020519,11.9747327211699,5.75326607054814,0.519549521103126,11.9747327211699,5.74055729627978,0.520610820304059,13.56590981228,5.8183193299351,0.5711073263462,NA,NA,NA,11.6776210379009,5.74048970161707,0.508419593084436,11.7138103344549,5.57995452192085,0.523643087722873
3,12.0437390012861,6.05698875785376,0.497084023723286,12.0437390012861,5.9774521165774,0.503688006196492,12.5022443874764,5.86052133968411,0.531242458709682,12.5022443874764,5.81476472925288,0.534902330410563,13.9999341667994,5.9652154686206,0.573911177184888,NA,NA,NA,12.0437390012863,5.80055658718044,0.518375764655735,12.0807218260631,5.62907927687335,0.534044458773226
4,11.6564789281028,5.68221190375137,0.512527587550301,11.6564789281028,5.75122770184843,0.506606777456382,11.6520209570241,5.85842705209175,0.497217944106069,11.6520209570241,5.88775771795414,0.49470072705243,13.2107451694531,5.97426291131512,0.547772450782772,NA,NA,NA,11.6564789281032,5.92778775307942,0.491459831940516,11.6553860031683,5.76534200291163,0.505349543863718
5,11.902037567601,6.14711262306918,0.483524347141833,11.902037567601,6.14377347638617,0.483804899666058,11.7995114440922,6.18208125406035,0.476073116810646,11.7995114440922,6.22608800501946,0.472343576721836,13.3825603763299,6.30852972172697,0.528600690426548,NA,NA,NA,11.9241213433606,6.19557117302568,0.480416963680482,11.9028506162262,6.10947239285867,0.48672191310793
6,12.4032720507448,6.18958514373775,0.500971588915035,12.4032720507448,6.1565205910014,0.503637381667228,12.4904857551349,6.00878053650783,0.518931396720291,12.4904857551349,6.0247447511822,0.517653286726226,14.2596956314592,6.12395587554887,0.570540912385365,NA,NA,NA,12.4032720507449,6.01154253592303,0.515326075947679,12.4032720507451,5.87121628085766,0.52663972403113
7,11.9353742360117,6.12553724906878,0.486774597265108,11.9353742360117,5.9728693862001,0.499565805973759,11.776519293294,6.16441683163522,0.476550186170419,11.776519293294,6.05953940141379,0.485455825231457,12.95055528969,6.13924464860056,0.525947381307423,NA,NA,NA,11.8973976566393,6.04566503123245,0.49184979726565,11.9808076680806,5.90769392857454,0.506903533364126
8,11.9769607564504,6.22290013080466,0.480427442541865,11.9769607564504,6.16804287018066,0.485007674684184,12.7814429369943,6.28519312510739,0.508256371671802,12.7814429369943,6.2988637363182,0.507186804544037,14.3348491897069,6.3955368686962,0.553846937344237,NA,NA,NA,11.9769607564507,6.38409615560571,0.46696860034652,11.9769607564507,6.14555637184218,0.486885154188031
9,11.8539853441777,6.06723219161824,0.488169420202779,11.8539853441777,6.00950144699388,0.493039575087246,11.3988162247053,6.13442418700073,0.461836732334954,11.3988162247053,6.07990498231334,0.466619615365319,12.9441821352885,6.18799022781853,0.521948149126486,NA,NA,NA,11.8539853441776,6.01345082082235,0.492706406645255,11.8539853441776,5.92848024349156,0.499874508752999
10,11.7207233926903,5.87509711810123,0.498742789052998,11.7207233926903,5.99605285440684,0.488422970706202,12.1559637471281,5.90652743111052,0.514104553618304,12.1559637471281,6.00675081417804,0.505859762406978,13.6871841704747,6.05695554019681,0.557472489245629,NA,NA,NA,11.7207233926904,6.01499390089769,0.486806940205676,11.645253135603,5.82745360178101,0.499585493426095
11,11.668077335851,6.11263177692891,0.476123477674646,11.668077335851,6.06115520886666,0.48053522149332,11.7522234449045,6.05308296343304,0.484941467305275,11.7522234449045,6.11800584148298,0.479417161342721,13.4118572182635,6.15357068008638,0.541184298345587,NA,NA,NA,11.668077335851,6.16461747297662,0.471668099590378,11.7907116596508,6.01984141578843,0.489442063417677
12,12.0549060987691,6.01633488442559,0.50092229378378,12.0549060987691,5.85221038182529,0.514537041277919,11.8969864389855,6.13450943786724,0.48436442545106,11.8969864389855,6.02818121786974,0.493301833301595,13.5796312497175,6.11721813845344,0.549529878539176,NA,NA,NA,12.0549060987691,5.96695656931517,0.505018411555736,12.1307287908693,5.90719089552384,0.513039076434539
13,11.2043335971957,5.74704993925014,0.487069008665671,11.2043335971957,5.75632698490624,0.486241021389531,11.195175895075,5.54680403614733,0.504536231664974,11.195175895075,5.53452406882117,0.505633129779059,12.5731683213554,5.61254880764198,0.553609029626277,NA,NA,NA,11.2043335971958,5.51221083400244,0.508028676031031,11.2422007500069,5.38453694351847,0.521042448604633
14,11.9173571266773,5.94243892225324,0.501362688128987,11.9173571266773,5.98308261269025,0.497952226396156,11.806916816802,5.89548012315055,0.500675729775541,11.806916816802,5.92055190974133,0.498552246822302,13.5661507128885,5.98930985157895,0.558510739093526,NA,NA,NA,11.9173571266775,5.87874712738396,0.506707144470468,11.9173571266775,5.79908303400028,0.513391855899092
15,11.6754340525069,5.95540389352848,0.489920129157874,11.6754340525069,6.0464666742953,0.482120609212209,11.6091128570507,5.97048401946574,0.485707125687938,11.6091128570507,6.02676453960623,0.480859165225024,13.3681688865933,6.13874853775663,0.540793612810122,NA,NA,NA,11.675434052507,5.97350602135901,0.488369683345834,11.6358461440544,5.86525034329768,0.495932631741212
16,11.1864103881161,5.86414025843031,0.475779981694567,11.1864103881161,5.89533717161994,0.472991159176239,11.3752924982324,6.28793633097129,0.447228602521794,11.3752924982324,6.35668994123579,0.441184484511186,12.8025343064615,6.44938141126686,0.496241817683566,NA,NA,NA,11.1864103881159,6.269839649172,0.439512816744783,11.1864103881163,6.17624699040789,0.447879455864671
17,11.7670794468322,5.78104508534707,0.508710286909522,11.7670794468322,5.95424065881514,0.493991632697095,11.603329465869,5.59340229784195,0.517948506564874,11.603329465869,5.71774967347177,0.507231981105903,13.144434814412,5.7772956745736,0.56047591576633,NA,NA,NA,11.7670794468322,5.7590349724748,0.5105807691283,11.8099482208453,5.61129974844496,0.524866693442342
18,11.5268751285792,5.76309884653297,0.500029385046063,11.5268751285792,5.86527517242731,0.491165202450643,11.0809456663847,5.7697020323331,0.479313209716736,11.0809456663847,5.90864396572384,0.46677439420641,12.5886031416807,5.94764649582371,0.527537215298247,NA,NA,NA,11.5268751285794,5.82521414322761,0.494640648202675,11.5692103826463,5.786573768742,0.499829843407307
19,11.8433086236848,6.115737831485,0.483612390269517,11.8433086236848,6.15822000250818,0.480025371441161,12.0347599642734,6.04348147633327,0.497831157889806,12.0347599642734,5.9992869057132,0.501503401520029,13.6472462610218,6.08672913680945,0.55399580102882,NA,NA,NA,11.8637560605466,5.964360999497,0.497261999567598,11.80329893244,5.85489997538886,0.503960713957914
20,11.837777650075,5.80276009716057,0.509810010908273,11.837777650075,5.68686021440708,0.519600690052577,12.2820188882139,5.66992253952247,0.538355819908121,12.2820188882139,5.56732007135841,0.546709696343087,14.4112242225026,5.73982484197935,0.601711502551129,NA,NA,NA,11.8377776500747,5.52901225264607,0.532934946399236,11.8377776500753,5.40695876995202,0.543245452839062
21,11.7730374644354,5.80550918164568,0.50688093882456,11.7730374644354,5.81387319374478,0.506170500917234,12.1908853388703,6.00287593718644,0.507593109907578,12.1908853388703,6.02076256659401,0.506125896583002,13.52947108559,6.10103506900127,0.549055906886163,NA,NA,NA,11.7730374644355,6.05514231737921,0.485677138489465,11.8578391314456,5.86049951656041,0.505770026764907
22,11.6898346160424,6.03902178668623,0.483395446981032,11.6898346160424,5.89033527772198,0.496114746598856,11.0304142835822,6.06955057054501,0.449744097138854,11.0304142835822,5.92719503120011,0.462649826305961,12.3019180196527,5.99943034042985,0.512317483270044,NA,NA,NA,11.6898346160423,5.90983843066162,0.494446360896209,11.6115292710331,5.83054350867913,0.497866011221761
23,11.7917980317112,5.90471011955047,0.499252776915686,11.7917980317112,5.99774715416348,0.491362798274362,12.3523202671904,6.35565728896105,0.485468547488799,12.3523202671904,6.4829558684248,0.475162906385736,13.9946259654487,6.4825524378381,0.536782729753346,NA,NA,NA,11.8149415941633,6.45118906487651,0.45398045233982,11.85095583396,6.28112713983392,0.469989828007393
24,11.9592372518838,5.81394948150836,0.513852818615788,11.9592372518838,5.85988796268413,0.510011563508274,11.8401322864574,5.84142137609458,0.506642220308979,11.8401322864574,5.91378351822622,0.500530621183148,13.7144653094744,5.93921254658204,0.566938089633064,NA,NA,NA,11.914979292335,5.89093859634171,0.505585494375857,11.9165508301357,5.79128103810966,0.514013650370698
25,12.5040226631757,6.35952468792799,0.491401698538442,12.5040226631757,6.30751968235758,0.49556076054363,12.459933119703,6.61364999179246,0.469206621877106,12.459933119703,6.52318406390471,0.476467168704978,13.9696125077731,6.56096003696077,0.53034058508709,NA,NA,NA,12.4546212518361,6.45748276014963,0.481519138191565,12.4253213519334,6.344257112413,0.489409011427635
26,12.9546960391102,5.80452499850455,0.551936611945143,12.9546960391102,5.86900955905454,0.546958914255029,13.4043628574922,6.06010138776823,0.547900825112249,13.4043628574922,6.11002540707751,0.544176364663062,15.0048065037419,6.16566157058062,0.589087565438245,NA,NA,NA,12.9110588018673,6.21535140196833,0.518602502137979,12.8693872099139,5.98729213718516,0.534764784093772
27,12.009968132615,6.17443945301443,0.485890438272961,12.009968132615,6.2007966932305,0.483695824604961,11.8444519012273,6.20991173410387,0.475711346891416,11.8444519012273,6.16954811516874,0.479119154975043,13.4377447590384,6.24451068656048,0.535300692301041,NA,NA,NA,11.9628466259512,6.13770000167266,0.486936496505934,12.006019003898,6.05368044332057,0.495779538466902
28,11.4666557836371,5.97833365293694,0.478633198227857,11.4666557836371,6.05023613478002,0.472362626999436,11.1259658603868,5.76633748715666,0.481722525530366,11.1259658603868,5.79776804963921,0.478897551691964,12.6468931268135,5.85232513286789,0.53725195000976,NA,NA,NA,11.4666557836373,5.77782648817444,0.496119304774171,11.4666557836373,5.67821917267217,0.504805997510198
29,12.5128030555107,6.21558889565268,0.503261669821032,12.5128030555107,6.15192757978823,0.508349364047659,12.3371287768023,6.21215028104218,0.496467095915949,12.3371287768023,6.09468896729689,0.505988056252049,14.116592421856,6.22938384873163,0.558719012168474,NA,NA,NA,12.5128030555108,6.12493303507267,0.510506717967148,12.5128030555104,5.97971547196271,0.522112236128472
30,12.0096308494564,6.12685476100833,0.489838210865104,12.0096308494564,5.97413426801849,0.502554712721342,13.0459119106342,6.18153351346821,0.526170837591703,13.0459119106342,6.08587585527743,0.533503223311157,14.6554871224775,6.19115185205026,0.577554004154886,NA,NA,NA,12.0096308494565,6.24935713642722,0.479637866078952,12.1269052530172,5.94730799859905,0.509577433441287
31,11.5029768734737,5.65705057010442,0.508209863209426,11.5029768734737,5.73402438141068,0.501518220502244,12.3830226857807,6.00426552003944,0.515121172560389,12.3830226857807,6.0639158229872,0.510304068977413,14.1640092605713,6.14039038447471,0.566479358244429,NA,NA,NA,11.5029768734736,6.12930769160853,0.467154654049334,11.460593511752,5.88927542406086,0.486128234281947
32,11.5162503575107,6.06320571179023,0.473508692190256,11.5162503575107,6.07638365764113,0.472364400824421,11.2038731520594,6.13440199153291,0.452474880045802,11.2038731520594,6.15599416961113,0.450547673464188,12.911333668308,6.25286425853423,0.515707329763892,NA,NA,NA,11.5162503575104,6.10029915932499,0.470287726478034,11.5552903753949,6.02082375514426,0.478955217952407
33,12.1361763881385,6.04757438595371,0.501690302403285,12.1361763881385,6.12398966171263,0.495393815493816,11.9936020890891,6.20304712350717,0.482803658364631,11.9936020890891,6.22860363566388,0.480672812938306,13.3792160178236,6.28280029767459,0.530405945362961,NA,NA,NA,12.1361763881384,6.20462942835459,0.488749237822644,12.0985566413734,6.06172964175755,0.498970842436835
34,11.9998623377462,5.95754386446569,0.503532315889498,11.9998623377462,5.84037933515213,0.513296138674783,12.4510244794895,6.13187082577091,0.507520779846517,12.4510244794895,6.02689316775487,0.515952026463128,14.2302391859349,6.09112419549567,0.571959113553333,NA,NA,NA,11.999862337746,6.03562380818595,0.497025579268467,12.0742130201154,5.84517055539086,0.515896353190645
35,12.6358721962202,6.34530134878077,0.497834320397855,12.6358721962202,6.32468365493061,0.4994659999155,12.7370723255352,6.38754107381892,0.498507905854217,12.7370723255352,6.37391872787306,0.49957740955159,14.1883099043847,6.43798014312109,0.546247566728754,NA,NA,NA,12.6358721962202,6.37208748793197,0.495714471547277,12.6358721962203,6.20582239669142,0.508872652372369
36,12.509608565856,6.00499203496641,0.519969629476932,12.509608565856,6.07853711823007,0.514090541983787,12.3861078307878,5.78716415212406,0.532769758572658,12.3861078307878,5.89804473626406,0.523817746717539,14.0350308536316,6.0182060204593,0.571201083686819,NA,NA,NA,12.5096085658559,5.97598959896376,0.522288042227411,12.5096085658563,5.80575909930876,0.535896021946282
37,11.7667646222126,6.12690806937965,0.479303932211438,11.7667646222126,6.06721882270913,0.48437663049231,11.7021679850972,5.83098648192807,0.501717417716625,11.7021679850972,5.80597467548801,0.503854782901599,13.2998367365041,5.91987925329194,0.554890832829276,NA,NA,NA,11.7667646222123,5.77887037011685,0.508881960704135,11.7667646222129,5.64533366227426,0.520230594940499
38,11.9818283682368,6.06294622534865,0.49398822625258,11.9818283682368,6.04221707687373,0.49571827510972,11.8878858058607,6.08136793230131,0.488439910038232,11.8878858058607,6.05342019350917,0.490790852775111,13.6105069036782,6.09661689181803,0.552065405428034,NA,NA,NA,11.981828368237,6.02809112821715,0.496897222781359,12.0184958053753,5.90549841426535,0.508632485304516
39,12.1092095444541,6.13097958625307,0.493692832406143,12.1092095444541,6.09644118535459,0.496545074806581,11.5646954787836,6.137289516357,0.469308160546349,11.5646954787836,6.18160521808597,0.465476178821429,13.2333664569496,6.27342251095669,0.525939032115129,NA,NA,NA,12.084188117198,6.18141255574109,0.488471008909251,12.1934644500666,6.07919096244726,0.501438579056663
40,12.4013208573408,6.11170523830771,0.507173041596617,12.4013208573408,6.09363666315019,0.508630029555027,12.9015391653741,6.30344865744293,0.511418864319653,12.9015391653741,6.08738285563405,0.528166153076391,14.4894354694106,6.14990671678692,0.575559259726141,NA,NA,NA,12.4013208573407,6.10844039570691,0.507436307311479,12.3568513874658,5.89725664561518,0.522754101291768
41,11.9962339047428,6.21675764492816,0.481774222285686,11.9962339047428,6.12112863011887,0.489745808665932,11.856509554634,6.24464797735821,0.473314810856998,11.856509554634,6.15201821120026,0.481127377087482,13.7595475346093,6.19544564454807,0.549734783868095,NA,NA,NA,11.9962339047429,6.1564988070611,0.486797368578565,11.9962339047429,6.04435217810369,0.496145854932527
42,11.9447045923778,6.02846535105582,0.495302265164204,11.9447045923778,5.96843987686351,0.500327544251525,11.8900850229206,6.00396043095382,0.495044785686567,11.8900850229206,5.98631642666059,0.496528711517141,13.3910265505497,6.05152542783572,0.548090999223111,NA,NA,NA,11.9447045923778,6.07575191890392,0.491343475938198,11.9447045923779,5.89448533649423,0.50651895231837
43,11.3603180701702,5.88989152448608,0.481538149891092,11.3603180701702,5.95060790963302,0.476193547321701,10.4771525413821,6.08413708105481,0.419294788634221,10.4771525413821,6.18494871718425,0.409672743357009,12.117412342952,6.31651870914428,0.478723795941612,NA,NA,NA,11.3603180701701,6.09469620339259,0.463510073771964,11.25466035041,6.08688795382827,0.459167334747109
44,12.1410048923812,5.9222935431202,0.512207301157042,12.1410048923812,5.95452957137052,0.509552164408802,12.3952154959859,5.8632509282177,0.526974667756564,12.3952154959859,5.94438623760456,0.520428972007012,14.0788441176839,5.93467947096992,0.578468273292719,NA,NA,NA,12.1410048923812,5.95625800594183,0.509409801022356,12.1410048923813,5.79534442696504,0.522663529227162
45,11.4913975395173,6.2068215073966,0.459872353553844,11.4913975395173,6.09049248747617,0.469995493017116,11.3444686746067,6.2239047846957,0.451370975299423,11.3444686746067,6.15062333631032,0.45783063863733,12.7105138857627,6.21574805342019,0.510975865391048,NA,NA,NA,11.4913975395174,6.1733091184148,0.462788655845766,11.4199035819548,6.00791646189225,0.473908302397083
46,11.8410468151578,6.01743553020284,0.491815578121026,11.8410468151578,5.88969558810265,0.502603470787464,12.1460792359931,5.95033258962134,0.510102603975414,12.1460792359931,5.79381702104105,0.522988702076641,13.6553962329455,5.91768212049495,0.566641493256874,NA,NA,NA,11.8410468151576,5.75427299735539,0.514040178441874,11.8769883376121,5.60863795326415,0.527772715284841
47,11.7958676723534,6.32116874356601,0.464120069913869,11.7958676723534,6.29797860578746,0.46608602429914,11.5156103446861,6.56562206659432,0.429850275402549,11.5156103446861,6.47146204095879,0.438027004452693,13.0037097869739,6.54657176032955,0.496561222330002,NA,NA,NA,11.7958676723533,6.45504721624049,0.452770462034803,11.7572694064778,6.35622419894612,0.45937921644935
48,12.4031303013391,6.0692030420637,0.510671669601952,12.4031303013391,6.08596872196175,0.509319939878026,11.7517931921766,6.22983381356193,0.469882279947773,11.7517931921766,6.23418249427507,0.469512235934742,13.5031381833867,6.3061840681896,0.532983815869686,NA,NA,NA,12.4031303013392,6.13844242896559,0.505089257322176,12.4031303013389,6.09696075609923,0.508433709235397
49,12.4861408471789,6.14102109145155,0.508173008248657,12.4861408471789,6.08004954861433,0.513056145767564,12.3480795663862,6.1989090928979,0.497985977530265,12.3480795663862,6.10890048369656,0.505275257512422,13.8043888128689,6.14494992496227,0.554855342872279,NA,NA,NA,12.4861408471789,6.13203149901281,0.50889297389287,12.4861408471789,5.96743095629162,0.522075633349925
50,12.798629398271,5.94602996061043,0.535416662551876,12.798629398271,6.00365886285983,0.530913922418063,13.0518518835034,6.20293471356892,0.524746773949451,13.0518518835034,6.26550672280116,0.519952664286643,14.736088088901,6.29577779795503,0.57276464690131,NA,NA,NA,12.798629398271,6.29364069085573,0.508256666006287,12.8782754135496,6.09804203928972,0.526486129278321
51,13.2622065455829,6.1476613507869,0.536452600880777,13.2622065455829,6.12511757887374,0.538152451643595,12.5123336460976,6.16851968767954,0.5070048591932,12.5123336460976,6.17191970467642,0.506733125950381,14.3706071979641,6.29476041355878,0.561969767397821,NA,NA,NA,13.2385674684986,6.19892694175848,0.531752437980248,13.2800993030215,6.09158669318762,0.541299612736957
52,12.5766731462912,6.12629154825605,0.51288456994983,12.5766731462912,5.9840915321401,0.524191217937091,12.4428831710315,6.49725132229952,0.477833936637299,12.4428831710315,6.30870832349246,0.49298661437408,13.9290446179606,6.40706716516142,0.540021060963511,NA,NA,NA,12.5766731462911,6.3139854255503,0.497960601177559,12.6136113241724,6.15812034622779,0.511787688080532
53,11.4765184657289,6.18623285357512,0.460966069801709,11.4765184657289,6.16667331673861,0.462670379074152,11.5366542655108,6.50584439008504,0.436071824607376,11.5366542655108,6.48362486444784,0.437997818498311,13.0048787160886,6.52952156921122,0.497917534506997,NA,NA,NA,11.4765184657291,6.49988206402771,0.433636421756521,11.4412575570281,6.38384177325424,0.442033208199846
54,11.8644997156944,6.02147861111813,0.492479349706344,11.8644997156944,5.95561382481824,0.498030766780658,11.7023367750055,5.90615041719934,0.495301619603529,11.7023367750055,5.86513217579235,0.498806752142066,13.1270400703244,5.96137302443463,0.545870737615011,NA,NA,NA,11.8644997156944,5.90700850601221,0.502127468704105,11.8284516885485,5.73774568378926,0.514919971364962
55,11.5211745609887,5.72161168133373,0.503382953617644,11.5211745609887,5.71438390595835,0.504010300711218,11.2189522216186,5.71286675372001,0.490784287082402,11.2189522216186,5.74745690365931,0.487701098095052,12.9112815777161,5.83440813187558,0.548115491343221,NA,NA,NA,11.5430310262576,5.67275268561405,0.508556056662249,11.5059718664296,5.58300890998842,0.514772939235346
56,12.0865658099965,6.11107247470279,0.494391329119437,12.0865658099965,5.96494050466065,0.506481775019403,12.37751101736,6.16071182860812,0.502265696231865,12.37751101736,6.04675030095409,0.511472840341387,14.3732362977592,6.17634330694265,0.570288612877983,NA,NA,NA,12.1056728016368,6.11887471740804,0.494544845406636,12.105672801637,5.94699864871205,0.508742822793965
57,12.6581793740143,6.0010191942951,0.52591766817474,12.6581793740143,6.02502208106093,0.524021432858696,12.5981842749047,6.15817300987406,0.511185669657096,12.5981842749047,6.18015754171654,0.509440614071089,14.440982249731,6.24516841376541,0.567538529875158,NA,NA,NA,12.6581793740141,6.16609236281823,0.512876837922162,12.6581793740144,6.02974685063825,0.523648174632716
58,11.3217355660038,6.03931448688279,0.466573437290192,11.3217355660038,6.02894010255183,0.467489761847543,11.1646471079785,6.11642595784622,0.452161282063692,11.1646471079785,6.13679190107985,0.450337136344024,12.827531752295,6.23596774590486,0.513860665767663,NA,NA,NA,11.3217355660036,6.19872513021625,0.452493383714994,11.2870901272272,6.0533999168678,0.463688173954992
59,12.0305585688768,6.15035250870959,0.488772489365488,12.0305585688768,6.14500843685238,0.489216697489875,12.4050021089319,6.22511915378555,0.49817669524592,12.4050021089319,6.2396715234571,0.497003590272316,13.9773745515563,6.33530533380371,0.546745684575054,NA,NA,NA,12.0305585688767,6.27098324787341,0.478745462068855,12.0243520053104,6.08139551119473,0.494243389705411
60,11.3987250939126,5.85374317417049,0.486456325076509,11.3987250939126,5.92117426143005,0.480540655849995,10.8025107945679,5.8181950337813,0.46140345106556,10.8025107945679,5.88479537602023,0.455238186016955,12.3831387399935,5.94577059126051,0.519849473053419,NA,NA,NA,11.3987250939127,5.81412803444402,0.489931726000748,11.3619087090423,5.77264798557897,0.49192973351521
61,11.3544417490719,5.78889591945001,0.490164637999645,11.3544417490719,5.82836361166887,0.486688668586874,11.2223068531049,5.81595003000109,0.481750935335369,11.2223068531049,5.76778036766142,0.486043249114541,12.6432577568762,5.80395366988433,0.540944764277404,NA,NA,NA,11.354441749072,5.65848267851826,0.501650296547541,11.4310825578056,5.59543570344099,0.510506929230407
62,11.0147939251868,5.95938047255371,0.458965777024043,11.0147939251868,5.99541703215202,0.455694126202151,10.9534614619561,6.01871504686684,0.450519357029626,10.9534614619561,6.04166296283253,0.448424319214832,12.4543781785319,6.10353425961338,0.509928623322658,NA,NA,NA,11.0147939251865,6.04096199001996,0.451559236509488,11.014793925187,5.9288341780746,0.461738983194462
63,11.6855793880519,5.81467790343848,0.502405682221989,11.6855793880519,5.83996226822326,0.50024195854641,12.0364921190662,5.71333598317605,0.525332137747514,12.0364921190662,5.75182861175484,0.522134143830514,13.8864858567109,5.77573314295842,0.584075251107019,NA,NA,NA,11.685579388052,5.60317794700576,0.520504909432668,11.6073646236778,5.53674413906931,0.522997310881842
64,12.2573385431085,6.1934718139488,0.494713163696456,12.2573385431085,6.05913885364185,0.505672554255386,11.774099072734,6.05791630736363,0.485487911224366,11.774099072734,6.03445021202751,0.4874809380531,13.6430793896158,6.086922590747,0.553845402718981,NA,NA,NA,12.2155400769951,6.06772426133459,0.503278264973185,12.215540076995,5.97609605662265,0.510779219014868
65,11.5327838587257,5.78746278733332,0.498172959952379,11.5327838587257,5.85221574136986,0.492558274475763,11.73228298288,5.99140370140058,0.489323287705951,11.73228298288,6.06093421632363,0.483396861022883,13.4026630695201,6.11614817589696,0.543661722735828,NA,NA,NA,11.6154663789826,6.00378360829389,0.483121605934196,11.5568751055633,5.90731611814489,0.488848320658828
66,12.0342299766812,6.05082391101894,0.497198913204779,12.0342299766812,6.0329030233419,0.49868807268667,11.9728356521747,5.93030965058161,0.504686289625593,11.9728356521747,5.9464868938985,0.503335127395788,13.7244128549718,6.04300543756744,0.559689328685687,NA,NA,NA,12.0342299766813,5.92183458794661,0.507917448858687,12.0695720171317,5.85721870663024,0.514711979984342
67,11.8307195761508,6.3896796324777,0.459907777261623,11.8307195761508,6.34556660080599,0.463636462688387,12.1832671184486,6.29927280498577,0.482957014424558,12.1832671184486,6.12450911900972,0.497301580974479,13.5968953526926,6.1744975063677,0.545889164680158,NA,NA,NA,11.8307195761507,6.10069313802466,0.484334566569989,11.8699381086095,5.96762102408119,0.497249187866216
68,11.8979712820095,6.01284664662766,0.494632613904568,11.8979712820095,5.930890906138,0.50152082522624,11.669914991169,6.15205627968592,0.472827669752402,11.669914991169,5.96917373564249,0.488498953063534,13.1559615057629,6.06059276597698,0.53932726518528,NA,NA,NA,11.8769786270198,5.97700328653073,0.496757258370979,11.8769786270197,5.80610586942578,0.511146222304626
69,12.8121344189757,6.0732287536737,0.525978376820742,12.8121344189757,6.0205950574034,0.530086489844622,12.6054893459472,6.25534929957464,0.503759899524583,12.6054893459472,6.27809492795812,0.501955477041707,14.2240251705213,6.33080457541044,0.554921725776275,NA,NA,NA,12.8121344189754,6.23649486293073,0.513235292497856,12.7732553645557,6.09005206065385,0.523218483711439
70,12.3962847455078,6.12110896265252,0.506214233674269,12.3962847455078,6.19604932120434,0.500168845068705,11.8998107180157,6.04330647431347,0.492151041935129,11.8998107180157,6.10334188084607,0.487105969542363,13.457650781458,6.19528014988541,0.539646239117656,NA,NA,NA,12.3962847455075,6.03422734338926,0.513222915795306,12.4335125443463,5.98378857096154,0.51873707855127
71,11.623843149995,6.13559389899161,0.472154448419735,11.623843149995,6.00835559728601,0.483100767985794,11.3711352401839,6.2721626563504,0.448413678681305,11.3711352401839,6.12352171453637,0.461485455480579,13.0509533459699,6.26788552635491,0.519737343303706,NA,NA,NA,11.6238431499949,6.12745789506955,0.472854389378761,11.6238431499951,6.01074158753959,0.482895501085445
72,12.1988297252245,5.79528563214131,0.524931016935345,12.1988297252245,5.79506651555123,0.52494897903458,12.429486409926,5.76766912046344,0.53596883006707,12.429486409926,5.85094701516683,0.529268803054136,13.9848042354824,5.88628829001008,0.579093980087665,NA,NA,NA,12.1988297252243,5.81967689767229,0.522931541077372,12.2375664052113,5.67453872790215,0.536301700844238
73,11.8259730495827,5.97039356719043,0.495145681276427,11.8259730495827,5.97303172090003,0.49492259995377,12.151974265206,5.94523884747075,0.510759427421321,12.151974265206,5.96903329791146,0.508801354607685,13.778757398524,6.05437399772589,0.560600871137012,NA,NA,NA,11.8259730495828,6.04174910072603,0.489111883191786,11.8259730495828,5.80538524057068,0.509098725641398
74,13.0698574823939,6.20110805025698,0.525541264806419,13.0698574823939,6.10871614941491,0.532610347309157,12.829742143151,6.37173463917588,0.503362221307204,12.829742143151,6.18334970695595,0.518045675590071,14.6448967735513,6.30501726872386,0.569473423663135,NA,NA,NA,13.0698574823939,6.24835817831036,0.521926066391514,13.0698574823941,6.07689607233237,0.535044962768849
75,12.1100825160285,6.0441836918755,0.500896572432465,12.1100825160285,6.03161384304867,0.501934538012815,11.9163931254136,6.20049247098441,0.479667009494602,11.9163931254136,6.16854990724696,0.482347565884549,13.5778441453608,6.24705662080374,0.539908062434329,NA,NA,NA,12.1100825160284,6.16046658055371,0.491294417490553,12.0744875931431,6.04761430807103,0.499141122021165
76,11.7545151755241,6.01547890329476,0.488241002417476,11.7545151755241,5.96468052775723,0.492562607756274,11.4893239661365,5.93200083131894,0.483694528172168,11.4893239661365,5.90295677294958,0.486222445258932,13.3525084762711,5.98346056631648,0.551884907847108,NA,NA,NA,11.7096711398282,5.85592524564015,0.499906942243462,11.6726565898977,5.80083101605233,0.503041062557022
77,11.9106582362714,5.96183371258916,0.499453884552438,11.9106582362714,5.88430548742499,0.505963031538796,11.9994714762274,6.09211949278978,0.492301014685596,11.9994714762274,6.02081408371992,0.498243393832138,13.1866119561761,6.10127413965988,0.537312983809895,NA,NA,NA,11.9106582362715,6.05327766624474,0.491776395043332,11.908872712461,5.88204209015945,0.506079019216933
78,11.6951907666715,6.34087782628294,0.457821770265355,11.6951907666715,6.21272385505392,0.46877960530933,11.0877237867295,6.21797393285773,0.439201945100778,11.0877237867295,6.126676298234,0.447436063877529,12.70208397723,6.233634477992,0.509243169139291,NA,NA,NA,11.6951907666715,6.09835267456955,0.478558939632829,11.7316708820597,6.04207836044774,0.484977168112738
79,12.0284211131784,5.73808954900077,0.522955715051072,12.0284211131784,5.8663199102185,0.512295100494001,11.7521985111054,5.69424601375347,0.515473976348117,11.7521985111054,5.89033724583573,0.498788482829865,13.0743387971321,5.92549273770809,0.546784519687689,NA,NA,NA,12.0284211131784,5.89278938568225,0.510094522777717,12.0284211131786,5.77873893277187,0.519576270368473
80,12.6830081552363,6.16104061261939,0.514228758886688,12.6830081552363,6.13731081245228,0.516099750364157,12.2032793560839,6.14788931451572,0.496210064924006,12.2032793560839,6.08129597480661,0.501667068551143,13.8457715862069,6.19060244673521,0.552888590701419,NA,NA,NA,12.6830081552361,6.0249982817059,0.524955104659575,12.6830081552362,5.95811777062054,0.530228341912663
81,11.7202781204289,6.08570545008427,0.480754177712161,11.7202781204289,6.06018224372257,0.482931874017611,11.6961140640929,6.5346766643231,0.441295063598555,11.6961140640929,6.43454304248775,0.449856336281655,13.2791955358194,6.51313788169083,0.509523158679136,NA,NA,NA,11.7202781204286,6.4397485811115,0.450546436275523,11.6812400510623,6.28728943858776,0.461761815431916
82,12.5666319232717,6.10081987665563,0.514522275029179,12.5666319232717,6.0901134202769,0.515374250040789,12.4602515625759,6.23770478685322,0.499391745381128,12.4602515625759,6.22713466188924,0.500240052890081,14.0864951771138,6.3133171277919,0.551817748246626,NA,NA,NA,12.5186879474215,6.29552032943227,0.497110211878954,12.5487679259763,6.10387116026126,0.513588011487083
83,12.7035485642405,6.09320311063542,0.520354247490553,12.7035485642405,6.02734763098401,0.525538269838198,12.6010566222724,6.12382855304359,0.514022614403644,12.6010566222724,6.12184900032967,0.514179708588144,14.4164335571046,6.20790336618907,0.569387023385563,NA,NA,NA,12.7035485642405,6.04435569393823,0.524199426375036,12.6678961146501,5.97484516876296,0.528347476590591
84,12.0720418611705,6.1102325813077,0.493852601608253,12.0720418611705,6.0655329828405,0.49755533880725,12.4637746067034,6.09726293430005,0.510801251891962,12.4637746067034,6.08596919553649,0.511707376972039,14.1077640076041,6.11025853911179,0.566886819497523,NA,NA,NA,12.0515802116493,6.20667283857341,0.484990953088963,12.0707873370831,5.98129274232125,0.504481971615397
85,11.6863770618242,5.93934930610485,0.491771549498702,11.6863770618242,6.06627454957953,0.480910592094777,11.6808450670145,5.72986782646048,0.509464615480518,11.6808450670145,5.89795103645219,0.495074970807774,13.5165094620499,5.94024318006837,0.560519437599869,NA,NA,NA,11.6863770618243,5.89329259346335,0.495712609452345,11.6485595148496,5.80556673331015,0.501606466798819
86,12.2165003059773,6.44609249750724,0.472345406944959,12.2165003059773,6.43162488394548,0.47352967520505,12.4907010769628,6.47236618394147,0.481825227898635,12.4907010769628,6.34126312426772,0.492321280831608,14.3280712018524,6.45954805378313,0.549168344937592,NA,NA,NA,12.2609302509786,6.34222092713076,0.482729222228094,12.2230385150054,6.20296098038626,0.492518904135717
87,11.8768013789246,5.9236149355282,0.501244927271441,11.8768013789246,5.82689571673111,0.509388468256198,12.2868989858461,5.95955150709251,0.514966997453334,12.2868989858461,5.81051082473792,0.527097046095085,13.7979428995948,5.91230363490126,0.57150832715253,NA,NA,NA,11.8768013789245,5.80780781482223,0.510995626724191,11.8410092431218,5.63156836168867,0.524401320355365
88,11.9526000966924,5.99414793153892,0.498506778186474,11.9526000966924,6.05305440796284,0.493578438248102,12.1629664457602,5.91553438504552,0.513643779958995,12.1629664457602,5.98860825119165,0.507635881600318,13.6270169594701,6.04205786463758,0.556611848168379,NA,NA,NA,11.9526000966924,5.95727122458705,0.501592023794422,11.9143104335151,5.8289273991516,0.51076250432801
89,11.8389475510919,5.88877105727234,0.50259336551168,11.8389475510919,5.93251304754503,0.498898612233661,11.9562854749676,6.00171887976816,0.498028138226233,11.9562854749676,6.06161450794531,0.493018586697662,13.3896837443815,6.08079083267643,0.54586001067964,NA,NA,NA,11.8389475510918,6.07581314225545,0.486794487767189,11.8028016254677,5.94037294625252,0.496698060786298
90,11.681974842981,6.14259355714601,0.474181922174165,11.681974842981,6.0310631312221,0.483729145774884,11.6470737154858,6.13792511962062,0.473007102937822,11.6470737154858,6.08443612997472,0.477599586075864,13.3672066199059,6.18343281083069,0.53741772782785,NA,NA,NA,11.6819748429809,6.05347104208518,0.481810984576601,11.6819748429812,5.95596907942078,0.490157344158359
91,10.849078247017,5.74938988876982,0.470057293544674,10.849078247017,5.72609939359852,0.472204065338646,10.185213456866,5.42937833300611,0.466935243330997,10.185213456866,5.40737223195898,0.469095836345599,11.6141590931667,5.48132570813149,0.528047991752025,NA,NA,NA,10.849078247017,5.3387130666967,0.507910907715631,10.8490782470172,5.31350466539484,0.510234460069849
92,12.5378188117435,6.16809568207948,0.508040770512481,12.5378188117435,6.09603321504945,0.513788378458652,12.298418022936,6.13759369989905,0.500944455746037,12.298418022936,6.11655826144393,0.502654873981609,14.0424910192128,6.16952355048877,0.560653195928864,NA,NA,NA,12.5378188117432,6.05402546309892,0.517138861711052,12.5735454182112,5.99856220238549,0.522921976032525
93,11.9120525467994,6.11902031457839,0.48631688027413,11.9120525467994,6.14459738417001,0.484169721378454,11.8040539349705,6.11833478290086,0.481675124782787,11.8040539349705,6.10671131656004,0.482659826005337,13.1010105777377,6.18656022624799,0.527779922812924,NA,NA,NA,11.9120525467995,6.15693034764459,0.483134386500099,11.9120525467994,5.98870474721774,0.497256688241625
94,12.2365137977894,5.87731225703929,0.519690628052814,12.2365137977894,5.9378895184908,0.5147400953723,11.5707650427291,5.79830759064233,0.49888295465079,11.5707650427291,5.82378407537369,0.496681156875339,13.2329653588684,5.9735453403835,0.548586036584751,NA,NA,NA,12.2365137977894,5.78188998230042,0.527488786606446,12.196668605971,5.70332286453354,0.532386830470951
95,11.7411229642369,5.99184961949877,0.4896698009424,11.7411229642369,5.93957615054218,0.494121970391252,11.3603769949143,5.72918159950462,0.495687370052123,11.3603769949143,5.62435352116839,0.50491488762334,13.0006286782638,5.73659585874321,0.558744734527,NA,NA,NA,11.7411229642371,5.59741351080942,0.523264211791422,11.7411229642371,5.45741251205675,0.535188198890365
96,12.0105521048396,6.35331314660952,0.47102239004904,12.0105521048396,6.27215020151471,0.477780026532887,11.8637261727945,6.07586599060391,0.487861916053248,11.8637261727945,5.8205228320717,0.509384931235254,13.730166961946,5.90914549654728,0.569623187181565,NA,NA,NA,12.0105521048395,5.79450765414314,0.517548601965739,11.9743671947974,5.68440559770415,0.525285511523822
97,12.1242537745467,5.88016525504927,0.515008068587783,12.1242537745467,5.91763310947302,0.51191774607223,12.2084664046132,6.09412054571133,0.500828331443123,12.2084664046132,6.1064081057355,0.499821852855482,13.6542686621964,6.15685972895121,0.549089015217838,NA,NA,NA,12.1242537745464,6.1398359447387,0.493590611108073,12.165664061106,5.96489582749401,0.509694185411221
98,12.6265040762349,6.01475648948397,0.523640395380326,12.6265040762349,6.02162459558181,0.523096451779122,12.5236212212457,6.08866107858362,0.513825835912817,12.5236212212457,6.160060893538,0.508124624282968,13.987815541993,6.23147127197876,0.554507188540543,NA,NA,NA,12.6265040762348,6.09519524041639,0.517269768130947,12.6588206939722,5.96976954168717,0.528410293027548
99,12.1587023049226,5.86744342032571,0.517428482647345,12.1587023049226,5.84948718043833,0.518905304715775,12.6311724192777,6.15216037794578,0.512938294741639,12.6311724192777,6.11761042867211,0.515673587090348,14.5696628001061,6.19036740189034,0.575119377378778,NA,NA,NA,12.1587023049227,6.10483886458635,0.497903747333736,12.1205799973909,5.96256367303807,0.508062842345699
100,12.1415161489285,5.64954582119399,0.534691899109111,12.1415161489285,5.61601636825211,0.537453453146565,11.9027173597652,5.69155108060411,0.521827587048039,11.9027173597652,5.69118541657706,0.5218583081024,13.5839592921572,5.75018139491964,0.576693269521239,NA,NA,NA,12.1415161489283,5.69626757958131,0.530843799924928,12.1003059395932,5.5602779633806,0.540484514099191
