"smle_param_delta","smle_param_delta.s","smle_param_R.s","smle_param_alpha0","smle_param_alpha1"
11.7138867271769,5.73807557856331,0.510147595567009,5.06404051831944,6.02913823398748
11.5079295114847,5.92518377523397,0.485121648571037,5.08681678395055,5.99721124852136
12.0416194350181,6.52613445092909,0.45803515165489,5.064915043471,6.03105168281537
12.0866295977511,6.16621122854899,0.489832034755469,5.02091568741845,6.00061227271981
11.6469688251512,6.173072385077,0.469984639115159,5.03108105603983,6.0134378931209
12.0810512798304,6.4968493708554,0.46222814386178,4.9728744117921,6.01280857922302
12.148808877505,5.85491520227045,0.518066728902818,4.95846123943832,5.99132736712057
11.5446164304197,5.9933991686909,0.480848999634281,5.09202397519974,6.01310717220471
11.818818987188,6.18238571388854,0.476903257373648,5.06018539834677,6.01555893009527
11.963506485976,6.10243448277451,0.48991255281819,4.99880793908766,6.00100278302031
11.8607429503449,6.22457853838823,0.475194887500094,5.00450000922363,5.99999585669372
11.9991775844428,6.42224630993915,0.464776126135031,5.05858071328921,6.01130237961422
11.757740239173,6.47145725195129,0.449600253083457,5.03778715420069,6.00795952290521
11.8700410264622,6.03469915153988,0.491602502629385,4.99895248764248,5.97812260756884
11.8260437517338,6.36706184049093,0.46160677449232,5.04998930892777,5.98715519230891
11.846464862335,5.70514459946477,0.518409528432073,4.99112885680726,6.01188698209832
12.1355944261076,5.96178423861929,0.508735705125942,4.98594978891464,5.9829077100188
12.1044937786821,5.94686559158695,0.508705964882206,5.00052458403747,5.99478676948955
12.084379200148,6.60546526766229,0.453388117150329,5.06148987499489,6.04870696426698
12.1905941772042,5.77153964027486,0.526557971139145,5.01096095117159,6.03265505360999
11.627032844243,6.01393672028993,0.482762558526043,5.03313661157533,6.01443595873343
11.5837931656189,5.46165299103526,0.528509106391365,5.03680083760408,6.00167517147784
12.0776638657611,5.97846021762228,0.504998625224983,4.98246112214426,5.99964221606253
12.0757930023819,5.93749665732992,0.508314140847003,5.00347995863581,6.00480628327494
11.8287769122606,5.91521912921323,0.499929775234661,4.95379192765205,6.00444258280492
11.5930971916006,5.63998972937763,0.513504490114694,5.05872709358861,6.01383377891384
11.9597043619834,6.5095445191973,0.455710248165555,5.00189061379788,5.9995004767459
11.8617083806961,6.55317548396583,0.447535272859129,5.0563402390217,5.99352094001248
11.8072326083327,5.88619963117436,0.501475085108402,5.03666605896439,5.99194987110021
12.0761693105501,6.2948834656677,0.478735077010859,5.05381074284616,6.03749626461557
12.0440110900061,5.61253231803842,0.533998077874935,4.9753780827002,6.01479053081375
12.5035593163703,5.99579926311911,0.520472602127853,4.94786263572215,6.0358031184762
12.1571262827918,6.17638866810207,0.491953235951439,5.01020705114239,6.01510227773513
12.4594734323244,5.71993400824745,0.540916874271118,4.95158187841945,6.0202380379183
11.616108457372,6.02923207711868,0.480959385043251,5.04920667606053,6.00266396813177
12.0267425338679,6.14714798735374,0.488876728670038,5.0402191997315,6.00740034067705
11.5061333202014,5.83949661593768,0.492488357866909,5.05050961583582,6.00075540668444
11.9808217804971,5.78938878951347,0.516778657125367,5.00615461248244,6.02468998326317
11.401364631687,5.69510715767637,0.500488990427657,5.0651218819046,5.97419490094288
12.1237264145268,5.88120345539321,0.514901338556578,5.02155393055055,6.02497697524034
12.0385738039968,6.46906172563559,0.462638861466476,4.98444078112588,6.00878392508445
11.6797836736052,6.15758790165076,0.472799490664702,5.07899583428289,6.03056198069652
11.6990824604284,6.4613758141498,0.447702344521025,5.07253461020473,6.00623051361574
12.5466380786821,6.16307117087744,0.50878704460687,4.97221599168212,6.0373109896333
11.4672908866661,6.13531789931975,0.464972332178846,5.11012000376818,6.00411732316477
12.4166034204739,6.07326731548418,0.51087530866373,4.98945918625831,6.01836416008194
11.736548867878,6.26283244695704,0.466382109642307,5.07750260834771,6.03694227082463
11.9790494158522,5.70086206210898,0.524097291512556,5.01065363398409,6.01365529392161
11.9004380436241,6.3279965958097,0.468255153918469,5.01746692666579,5.98804393164767
11.5402764959383,6.07130850365292,0.473902682852549,5.037957944973,5.98592831727398
12.54908810045,6.16620963601669,0.50863285151408,4.98323325580653,6.06237678812985
11.594631675541,5.59577849741984,0.517381952785597,5.05663679975829,6.03139837567801
12.5524199400774,6.26622010397636,0.500795851804675,4.98688242541111,6.02132506931147
12.292199019125,6.61271179376902,0.462039966691025,5.03480860176675,6.02022631622575
11.9827724921617,6.28988228844142,0.47508956774771,5.04011269425646,5.97606449103257
12.1015069809908,6.39901034699582,0.471222025732209,5.00251022746918,6.02271856930353
12.0534567378738,6.05169739032474,0.497928476292663,5.00103715426187,6.00455281181456
12.0704407230939,6.50235474675519,0.461299309948603,4.99767852509194,6.04203110063974
11.7763143141737,6.35089396189084,0.460706143496268,5.0466051638738,5.99231664828308
11.9366499058723,5.99131196549257,0.498074249246005,4.975839227131,5.9960988654432
12.025620094351,6.42130551279975,0.466031234778807,5.05542700048051,5.99965334400608
11.9820779767692,5.74665977510974,0.52039539500149,5.0483021008703,6.02441593997475
11.9033389165829,6.2538906224815,0.474610387362068,5.05538951956857,6.03745775677886
11.726776072877,5.83691630978402,0.502257374617712,5.06361660832264,6.00994457986263
11.8303905175711,6.38116012529522,0.460612892210312,5.07267591331591,6.01613238280371
11.7365386560388,6.35648411932321,0.458402148571067,5.037156898342,5.99902442575132
12.3809554797051,5.82473478401326,0.529540769808824,5.00068461534954,6.01231632038077
11.5677250549218,5.99939443910888,0.481367822054494,5.06578874911386,6.01444400096632
11.8324202836061,5.94955282280246,0.497182091220543,5.05214831579964,6.00758285263993
12.2002946248603,5.92188929847773,0.514610959770529,4.93124114748818,6.00766227276241
11.7808892636838,6.06590751267303,0.48510614293167,5.04818000179114,6.03355613775655
11.6245411276809,6.13947335378766,0.471852412378839,5.10971980507723,6.0224188422933
11.6225979040536,6.41728909210579,0.447861042334808,5.06235461046668,5.98998262314054
11.8641312346809,6.00985762842432,0.493443092499139,5.00274812209404,6.00841173669241
12.006039743954,5.90219114842249,0.508398166731481,4.97794917385691,6.00572706848635
11.8521797335021,5.99239454978906,0.494405697135136,5.02648000820001,6.00713534684253
12.3936705746759,6.30587405915765,0.491202059860902,5.00540401113705,6.04354891720456
11.9353934496616,6.17081728942629,0.482981661605695,5.05626121833716,6.02062389795491
11.8592279331703,6.31277389302036,0.467690988941742,5.04575717500659,6.01535760154465
12.4521632993603,6.56898940745006,0.472461993187359,5.04209799285765,6.04511587423823
12.5642859174878,5.87105764231569,0.532718557913112,4.99047504346805,6.06844276270234
11.8928662447623,6.1784557346321,0.480490606093116,4.99056133716995,6.03214861128443
11.9216888573522,6.33279722988152,0.468800326392009,5.06608590072756,6.0238374668059
11.9538161405738,5.9428520388355,0.50284896731311,5.01364575307949,5.99491200024709
11.3316898525857,5.65679276943204,0.500798835564558,5.03634269119738,5.96984695046709
12.2675749352629,6.27783098156714,0.488258191639681,4.97740139802713,6.00196024981413
12.1421402615265,6.33874142529053,0.477955180160832,5.05825965201464,6.02986594805779
12.1320113685918,6.50300915327582,0.463979306010935,5.07129921194582,6.05356512092774
11.825142030476,6.16679922668414,0.478501043726076,5.00502817551965,5.98389018521948
12.0389975193647,5.8967717378163,0.510194123029652,4.98099206877185,5.99068588451634
11.717986245257,5.97963522469743,0.489704536296265,5.01939544226986,5.99699841237082
11.8432208334798,5.76948865880521,0.512844627325083,5.0075552919654,5.99996503283685
11.868710150774,6.66139519778236,0.438743122617421,5.0526943284868,6.01558709474161
12.4346408978964,6.51122311293327,0.476364201716933,4.97764306687943,6.02236552157043
11.7806557663766,6.15667289489618,0.477391325492417,5.04261370509094,6.02269810108232
11.7702137413648,6.66056765223246,0.43411667803238,5.00956008551337,5.9744681294021
12.1358533431495,6.00424435343413,0.505247452844059,5.04023042053021,6.04528830687507
12.0707818851787,6.14726534828795,0.490731801240153,5.02448849095373,6.02820536472251
11.9181198066298,6.41160424186898,0.462028881577251,5.01842738931151,5.97798623415981
12.7487635719953,6.43528665220816,0.495222684469238,4.94093621200214,6.03032327331406
12.0786164523325,6.62898268669257,0.451180297606649,5.00144123965905,6.01462105422905
12.0616897559438,5.59936321356492,0.535772903559749,4.95757466181503,6.00612290075818
11.7116521625545,5.75257950479376,0.50881571404704,5.06676153440096,5.99176123656663
11.6895564199661,6.33757812344327,0.457842719111348,5.10164971880963,6.01663969282782
12.2793725952824,6.06824963941417,0.505817614676378,4.98213524194915,6.02149980402375
12.2233239958825,5.83102225190418,0.522959364092092,4.97139909832863,6.01026354102462
11.8876610153024,6.14791641447034,0.482832122605413,5.00017935178653,5.97907654043688
11.8672264675494,6.31717618443435,0.467678804166372,5.03246239813956,6.02753736934868
11.8188939605895,6.16628669533612,0.478268718215273,5.05132655415473,6.01344949454259
11.4612962144122,6.10255670181875,0.467550913295044,5.09752204272464,5.99286231756245
12.0329568630205,6.30026977920042,0.476415493637952,5.02916797795662,6.01073897335062
11.7568974065394,5.7906589070849,0.50746708873516,5.06032352531521,6.03846621572796
11.6679380904274,6.12831332077601,0.47477323985771,5.10043549094951,5.97984719493983
12.3388254100323,6.42901418990354,0.47896059987393,4.97597921121601,6.01468202546789
11.5381751422754,5.81277932626534,0.496213287232263,5.04077272144599,5.99959912117198
11.8319541206448,6.40456313509398,0.458706223013567,5.06410587892868,6.02838013171692
11.8593131359638,6.07301821065343,0.487911471682387,5.01054807514691,6.00256387029775
12.0031084968449,6.07216082528685,0.494117642368811,4.99484915041784,5.99684927711638
12.0661597592599,6.03805716901362,0.499587500125724,5.04542662077386,5.98751513965097
11.7569084846869,5.61017835870667,0.52281857377611,5.01141456451788,6.01440190263228
11.6410174949094,5.64841846266382,0.51478309648329,4.96456159620619,6.00203744352422
12.0638705409232,5.89033015101399,0.511737950848133,5.00262571047567,6.00856186776008
11.8676692973887,6.25779853371739,0.472701979057139,5.03960342291621,5.98736760931022
12.2325213166746,6.1076565131684,0.500703382806059,5.01688071432732,6.04675820308288
12.1077322200842,6.19180509703009,0.488607363915831,5.0095858162831,5.99779701563951
12.2455877120415,5.7284931398972,0.532199411363151,4.96905061829147,6.04545373241921
11.8513592840381,6.4493940680229,0.455809758741411,5.05039966755682,5.9816888298804
12.1512579276743,6.01241493087296,0.505202262460435,4.97284403355615,6.03331515698092
11.373900117246,6.15712086043177,0.458662306072492,5.07844998316407,6.01148638151665
11.9383699854531,6.35925403702204,0.467326440312139,5.07002710752632,6.01304942733211
11.969885802646,6.4550934900269,0.460722216029835,5.059117616614,6.05209019246066
12.1677850696473,6.19976295251464,0.490477279387519,5.02103431216072,5.99916926697179
13.0310699596353,6.09252205753134,0.532461871787706,4.90154295387438,6.02069274660468
12.0282283138087,5.82353462233541,0.515844356259031,5.03323169396153,6.01287886382116
12.1490714200031,6.38323513322755,0.474590698123831,5.01525312414411,6.02315357387651
12.0809362079899,5.52490017454877,0.54267615692774,4.97552270778708,6.0102697691809
11.7632192598637,6.10519851345492,0.480992543062937,5.05123951589322,6.02921858478894
12.0080965777925,5.88579052279263,0.509848169136339,4.95809059866095,6.00608500742689
12.4687606932715,6.40219080368378,0.486541528771293,4.9628207328232,6.00019147780743
12.2238951050571,5.86737455261534,0.520007779665259,4.94677682956113,6.01966800233328
12.3319558732831,6.58821864550721,0.465760442771251,5.01466385362785,6.03633754771669
11.4564494469043,6.24430124858699,0.454953187937797,5.04432554739536,5.96900895376147
12.3310894689943,5.93046688546329,0.519063834515592,5.0020470139516,6.04384350958738
12.2643311351407,6.53214933090968,0.467386418473872,5.04514828556836,6.02863238369172
11.9100465486972,6.49512731046133,0.454651391671362,5.03534406284613,6.03527550720854
11.9566296385027,6.38193997632511,0.466242564227797,5.06817315098969,5.99695150033947
11.5807405412531,6.2332309238472,0.461758865795924,5.07190886193691,5.9883130495323
11.7523771327256,6.45544256823584,0.450711758537764,5.09376994090499,6.04122940349118
11.6094920619475,5.88299479462692,0.493259932197239,5.05781934897572,5.99253925314428
12.3399087908054,6.18392239827586,0.498868062713434,4.96871445220121,5.99338517579103
11.4024779552631,5.985676015939,0.475054804804411,5.10942058220007,6.04114317939735
12.1437677579999,5.52522052783354,0.54501595897256,4.94165680542698,6.009495646333
11.9551466822074,6.55934704550853,0.451336966423785,5.04990400565785,5.99844374801444
11.7267397800197,6.16416762298056,0.474349415215709,5.08154102813892,6.0184314876467
11.8178415374265,5.941519681257,0.497241551053082,5.04546544697811,6.00987495395532
11.6935432230869,6.08643511974802,0.479504628868059,5.02621227293462,5.9930023593918
12.2365338920747,6.25181222267719,0.48908634766857,4.93955876691527,6.00636790775626
11.9538001960182,6.4405897660131,0.461209852900295,5.01592487125715,6.00865381373766
11.6910549940582,5.84546022188519,0.500005754411724,5.05733136850602,6.00922363534691
11.8645599079371,6.16801544862922,0.480131121888224,5.06648994641809,6.01886768281305
12.4174376778226,6.15356735074253,0.504441454799267,4.94200450975401,6.00875433065052
11.9634319997386,6.16591219926183,0.484603398138882,5.02266469118901,6.03097667105649
12.0655693007589,6.22766222323607,0.48384845604887,4.9921443623719,6.00503970429043
12.0251103991925,6.19057032933384,0.485196382916407,4.98424547121386,5.98871614533945
11.8288887153604,6.3261138894223,0.465197953785165,5.14091447560852,6.05688782038952
11.7941788335088,6.26740525148814,0.468601812812809,5.05853020525328,5.99537803652093
11.7764712089057,6.40713975667377,0.455937212173668,5.07974701877506,6.06595278852677
11.7065517238206,6.16486561785184,0.473383301650859,4.99888783217387,5.97568117084599
11.7376718994291,6.51750081451152,0.444736497121845,5.05189468456188,5.99034824833467
11.8437814683527,6.37681220463484,0.461589845973258,5.03670718367026,6.01312857752106
12.2515152227559,6.20348148622549,0.493655978592495,4.94574674384624,5.98634418910927
11.6116586810795,5.54425105092572,0.522527211382836,5.0237172923401,5.986474543812
12.1030717330294,6.47180946137253,0.465275460302287,5.03487954745642,5.99249485071193
11.9276215494882,6.00648958847532,0.496421850445696,5.01286601399942,6.02496959698421
12.1719735787115,6.32242913053958,0.480574855864182,5.05736723727905,6.03917046339782
12.3230409052703,5.99976375284614,0.513126362318559,4.94554092083624,6.02991938511956
12.3017762217395,5.23267327748528,0.574640833716501,4.989412432245,6.02873698611795
12.0018810763559,5.85980277225927,0.511759637095284,5.00371955294978,6.0275155039197
11.714981934888,5.81044212680861,0.50401612575221,5.00811236057963,6.00517108260172
11.8380139453615,6.91454713122321,0.415903109834353,5.04775925065882,5.98378499463271
11.8849717055728,6.02570059707844,0.492998322052964,5.04509177032834,6.01201033045026
11.6725598020212,5.91182726968785,0.493527780541835,5.05254026377066,5.99768407540134
12.1340004091243,5.74124728535466,0.526846292090326,4.98535969250359,6.00065149584946
11.7685774592574,6.16234952052025,0.476372608171701,5.00764799925205,5.98888628150947
11.9541873807475,6.36107789480099,0.467878686171033,5.05677724022442,6.03680532821683
11.4016245285202,6.18635688835376,0.457414434857144,5.02829945831534,6.00275479691732
11.8902384647562,6.38753242594447,0.462791899012141,5.05436243692001,5.99717877829688
11.8999086728088,5.66997397328896,0.523527942172798,5.05688437555213,6.0399303045889
12.4138641161964,5.96563740313025,0.519437513791789,4.94032008796701,6.00785173731204
11.8749080946455,6.34467971318648,0.465707046941497,5.07215915450962,6.01436609946328
11.6226773330039,6.21510149111506,0.465260773138165,5.05758089261414,5.97678172153305
12.2126739198128,6.48691223210938,0.468837678406725,4.99747007133967,6.01774785024446
12.4568031165542,5.3598999305864,0.569721068846029,4.96541565369247,6.05124187035498
11.8521097822552,5.8608899284098,0.505498174073226,5.00080786485298,6.00540630399122
11.6452133641376,5.87024213783487,0.495909438987801,5.03060171901965,5.98111654987205
11.7456993544786,6.14956572287555,0.476441075385541,5.01889952130495,5.95687178611297
12.0708124670983,6.00674580206778,0.502374358110482,5.00568985142002,6.00902951189663
12.1617840664789,6.11212824229526,0.497431609631855,5.00428336010693,6.01201722340108
12.0856648835107,5.81229678860736,0.519075132015494,5.012804592659,6.01878891132246
11.959719892429,5.67357033881225,0.52561009874455,5.00388042773622,6.02579788506561
11.5129237988534,5.70083421632501,0.504831759861666,5.07433070227568,5.99258753098994
11.8460734655165,6.5353624553927,0.448309815533652,5.03551101392844,6.00388359774784
12.0883036747869,6.30278333253605,0.478604814860663,5.01307257218494,6.00041946986893
12.2376864734328,6.24485142232623,0.489703267371378,5.00993110420776,6.02908215148446
11.5011974772415,6.05747200383332,0.473318146582579,5.07183807626509,6.011853948072
11.5346450731204,6.16331437857914,0.465669351808513,5.02883838387133,5.96920575641673
11.5427694101649,6.29648637633423,0.454508172814284,5.12346642314961,6.04973337247997
11.7297898410774,6.05462061592353,0.483825311624901,5.00709821857744,5.98256141298021
11.7257710821834,6.19327015416868,0.471824060800659,5.01825713409569,5.97579889340537
12.3843116374387,5.96316366700862,0.518490503018226,4.96083861968729,6.01821919743665
11.7160661489132,6.41736018508628,0.452259819676625,5.06691603671366,5.98911294525043
11.6309743170106,6.43735468239843,0.446533496941558,5.07577661498299,5.98826113705076
11.9083504319918,5.98835852779653,0.497129467091531,5.02326528440525,6.01180703346192
11.5851896816898,6.27193248403031,0.458624963737713,5.04835013054485,5.99076731513128
12.3795597473825,6.98264148694625,0.435953973369476,5.04758397164413,6.05443419374574
11.625442346261,5.80454133936795,0.50070361484053,5.09098492168658,6.02831027726631
12.2024912311255,6.20103443700057,0.491822258295644,5.01738588240844,6.01149233784698
11.7672583260255,5.97451465192423,0.492276409135128,4.9918960989844,5.98805138686949
12.0837706180535,6.30875349390155,0.477915156343991,4.95701566712951,5.97844157319203
12.1702404430798,6.21177405649494,0.489593152612932,4.97798871887001,6.00336591155249
11.886803008341,6.18026083892845,0.480073756199058,5.03476260436119,5.98651593091159
11.5992785900526,5.9932701218666,0.483306649173305,5.05949114697031,5.99479699743763
12.3251418543283,6.63279815846367,0.46184812825222,5.00633017712402,6.02806314450786
11.866159624365,6.12803413630321,0.483570562819632,4.97635159323356,5.98045193894928
11.3336201147246,6.05315311239527,0.465911769485638,5.07678840747458,6.00452132984266
12.3927206990727,6.21447237404163,0.498538494899942,4.98284287712499,6.0222275852423
12.217860423382,6.06059441365251,0.503956158964297,5.03024616076048,6.0337249095085
11.8746645531221,6.30458317635768,0.4690727347999,5.04450777966512,5.98462700714803
11.7862217354687,6.53418850255363,0.445607875941271,5.06412651137155,5.98947552507661
11.9091119205203,6.01481492372131,0.494940095964895,5.05372605798265,6.02213457925453
11.7019727036763,6.2360953588345,0.467090249076091,5.0313098347762,5.98557944362977
11.7507602727719,6.08380478727891,0.482262879502706,4.95867330955127,5.99324346436863
11.7170093022254,6.5850458913625,0.437992603615004,5.04472000683958,5.98266844702377
11.6389818465054,6.26276612135745,0.461914606969007,5.03452386227546,5.98413610333531
11.8424867284372,5.8486891418686,0.506126603644466,5.00267461506532,6.00644497879211
11.5812154649017,5.76195112595327,0.502474404054084,5.05428440107938,5.99703862116996
11.8147201767903,5.73213327923779,0.514831228038865,5.02918763918692,6.01338481285998
12.1755178564955,6.09688026264488,0.499250846288047,5.03698329570429,6.03533591031746
12.1933508993459,6.01490972274786,0.506705763460764,4.9973576110937,6.01959069075938
12.1654336227874,6.29679566366655,0.482402694477583,5.01007374983406,6.03133078769841
11.914503466184,6.48027472274323,0.456101990222614,5.03609697944496,6.01577865968514
11.3143143242395,5.52447922479143,0.511726555717484,5.10190418068293,5.99616606457565
11.668890409953,6.17956837089317,0.470423651796206,5.07828805662459,6.00671842420008
11.6818962529468,6.22443621120978,0.467172445600206,5.08014940305095,6.02786281634127
12.1314606850035,6.14711593450309,0.493291360857974,4.97151870250026,5.97519154595494
12.1011835072484,5.70806027038397,0.528305618457489,4.96069888472586,6.01251005575673
11.3719413198916,6.08651461105148,0.464777873905746,5.07984365323732,5.99313005466887
12.2445243597835,6.09964900943506,0.501846798600929,4.97391206050464,6.03251692250693
12.0461883188597,6.3919622798664,0.469378851577552,5.02765601798829,6.04810987901192
11.7375918868116,6.53041522268653,0.443632451557281,5.09738840700497,6.01761419049525
11.758640010876,6.31282589219226,0.463132991030143,5.02216021810546,6.01214042639597
11.7800673334907,6.52031147872605,0.446496247080962,5.1037654359347,6.03036667834417
11.6742787241283,5.93076856555764,0.491979872529513,5.03521691588699,5.98775607477086
11.5005516832426,5.90076852984171,0.486914307038012,5.0097367793737,5.97768152900009
11.4377117083122,5.68904079469161,0.502606732904695,5.0152431897767,5.9989948761884
12.0754929521659,6.18100317812277,0.488136575243155,5.03633782793997,6.0142915058221
12.0988338732235,6.12297100909927,0.493920565133941,5.03247388193192,6.03894577682427
11.8853727406806,6.31878930500053,0.468355814927627,5.01689689578807,6.00965295906541
11.4535749766569,6.06420577048147,0.470540352436626,5.07502785453097,5.9872604708731
12.0733984015606,5.89509554075535,0.511728566830584,5.01340754692381,6.01226748013756
12.1934875986654,6.26193800235211,0.486452259726127,5.01951159070392,6.02600470186615
11.5872708797208,6.34349216390599,0.45254648572962,5.08091571801874,6.01611318439124
12.3556110350493,5.56585984208505,0.549527754936901,4.96119656262849,6.00622030236717
11.166970166849,6.01285362713426,0.461550130671577,5.06453443492433,5.99142670209119
11.571443169967,5.55684921027323,0.519779069157447,5.02971146897199,5.99433185528544
11.8579618799078,5.90100810550524,0.502358991767045,5.00157702903574,6.01487758488393
11.6790010805582,5.9872398933513,0.487350000907342,5.03788151243571,5.97842203013401
12.164770584655,5.69792861045498,0.53160410459014,4.96971556198018,6.02391241400514
12.272606816932,6.13132659829393,0.500405521846037,5.01093557421078,6.02153999259181
12.0064196058062,6.12194823031463,0.490110421648588,5.02759134984623,6.02484208681115
12.0179102435248,6.03984535214968,0.497429650433284,5.03167241807491,6.01278952233752
11.6356827263501,5.73043819005103,0.507511649739821,5.03265175202698,6.00496946883929
12.0640867982228,6.19535701408507,0.486462828251723,5.02186694911915,6.03407189414055
11.8566765296312,6.26742300647917,0.471401366916254,5.04821256574514,5.99429880025211
11.8592255115152,6.58462330837568,0.444767847446522,5.04366135149503,6.00601077014789
11.9316705089964,6.30412697280231,0.471647581279666,5.05451651647106,6.01595830066446
11.9265805734877,6.04083560398228,0.493498109809378,5.03409949531015,6.01653750319728
11.936375511337,6.17728115869015,0.482482672162663,5.04950374374695,5.98657826584505
12.1646245792372,6.26459535150952,0.485015315458068,5.04246547741537,6.03693473107371
11.9002308364015,6.40996173266887,0.461358202139953,5.03780017198924,5.99127225647855
11.9897713453469,6.00453271931309,0.499195393609955,4.99679397991916,5.98971601425885
11.7864057139716,6.2841851957564,0.46682768706094,4.99105217614685,5.98062918870089
12.0539523527611,6.15945891481698,0.489009186816133,5.04382551001823,6.05776946004316
11.9025549563127,6.36487439495224,0.465251417169344,5.04857009526676,6.01703926670211
11.7689167041382,5.84553400634291,0.503307385607761,5.03215612591191,5.9965612968588
11.6368429804525,6.11961986511141,0.474116830880068,5.03675964728085,6.0149942374606
11.8839226220719,5.9193561296829,0.501902164972958,5.03815221879364,5.98485038766003
11.7883274445174,6.18290543699489,0.475506133834917,5.03828958094273,5.98335337355413
12.0654097811304,6.28929062201494,0.478733773978317,4.97784420944786,6.00995270818496
11.8111109343298,6.46702247286407,0.452462811599946,5.05411846466486,5.99555801514027
11.9170708949478,6.37587536946902,0.464979656018322,5.05090445176496,5.98929269044752
12.352963844943,6.26662356859556,0.49270283251408,4.96564567539722,6.0098115617739
11.9426982290127,5.81155159210437,0.513380353362174,5.00138651672262,6.02264103735677
11.611196639407,5.82645199309733,0.498204003080695,5.01149564119873,5.96032120079715
11.9040892444247,6.16929303558549,0.481750102094129,5.02525877969582,6.03337662677002
11.8678619432376,6.20827391708952,0.47688354087848,5.03724111909058,6.00309377513066
12.2023600254911,6.2091324059563,0.491153154554919,4.99480254108285,6.03570526772507
11.8939244867616,5.89294513551873,0.504541571448698,5.04000742395014,6.03488073578835
12.1992646495072,5.70033922722548,0.532730915264162,4.9886455609871,6.04219489400556
11.5278772906948,5.44733900401795,0.527463828191943,5.03386795513078,6.01466434622755
11.3471016722747,5.72913241955092,0.495101693364627,5.06624783358066,6.00012892570461
11.420423609502,5.58481954318781,0.510979650654889,5.08699528906255,6.01051064426385
11.7327420228098,6.09922551928639,0.480153445168333,5.05800123035596,5.98762300100098
12.1398474389892,6.84869843289425,0.435849711677722,5.01085683413397,5.99194917875854
12.5146871674089,6.40020320269269,0.488584643221425,4.96699726464508,6.01168091526507
11.6514611017189,5.93283054122773,0.490808020605032,5.06910184873403,5.99829429796756
11.3011848907774,6.17660197543021,0.453455364625458,5.09478105743635,5.98526661264405
11.7925174793084,5.90988723576464,0.498844309865611,5.02380727057613,5.9976773285157
12.034900491199,6.09321565531007,0.493704525453622,4.98004018911885,5.99893522246823
11.7756539285621,6.42996658121317,0.453960975736798,5.03245847110785,5.98639053354979
12.2888764875084,5.90215378644572,0.519715753311931,4.97519394394172,6.01217430279063
11.7714285978679,6.00588955373692,0.489790937114912,5.01754283633024,5.98640108055004
12.232331802921,6.11521887869984,0.500077419642953,5.00376499409573,6.03503219803511
12.2326601013124,6.68129180589564,0.453815298507409,4.97626709981377,6.01160559490662
11.5059324208508,5.9010391327963,0.487130732481743,5.10313780759704,6.00534032206233
11.5263602321175,5.76472397747214,0.499866058202041,5.06223859538816,6.01804062500829
11.8484083653834,6.10589634103418,0.484665268723069,5.07134664952766,6.03080764284782
11.9533675400635,6.02370909928292,0.496065934633604,5.00640736288292,5.99999962812031
12.3947793651712,5.63466627055202,0.545400034599632,4.94808718186654,6.04958307349766
12.2507874336266,5.32029495176154,0.565718123787037,4.91811590961726,6.00127527852996
11.9641558624811,6.54533660717327,0.452921151946952,4.99315614913062,5.98872427521564
12.1862594501384,6.39517868855976,0.475213972365645,5.00098543614614,6.00941564021679
12.215373109563,5.91225213105216,0.51599905479566,5.00957218967106,6.02185101537101
11.5589800847845,6.69424786940261,0.420861717876433,5.10003816219302,5.97903008780099
11.7125781457805,5.93286092219038,0.493462425748876,5.06691936577994,6.00640724397873
11.7156525672023,6.01079090456052,0.486943568010237,5.01338169933517,5.99610968953341
12.1400548355735,6.24470807123611,0.485611213802964,5.0367220862134,5.98747866891608
11.7158236068626,5.61967726800594,0.5203344249128,5.0149940044944,5.99536638453662
11.8048704101102,5.71824063796911,0.515603268878602,4.95178020770774,5.99421562495167
11.4633132400207,5.98047121184297,0.478294705324466,5.06007472679777,5.98092466473382
11.4077303605042,6.0056805967063,0.473542904073266,5.06383006208263,5.98968408665515
12.1610448896967,6.12737337231083,0.496147458718603,4.9739691512565,5.99670400984443
11.8828850330309,5.5571741496859,0.532337968915915,5.00726582047904,6.00252987996657
12.3572322120703,6.30941242147306,0.489415403611973,4.96147215323454,6.00158368030106
11.6079936731213,5.85262506127011,0.495810798482596,5.0646740878115,6.00940272645239
11.7136324815141,5.76842646193899,0.507545889710774,5.04689480720227,6.03790216521664
11.6889923639146,6.33052016379675,0.458420369634264,5.08513620456608,6.00798426381724
12.3154307556833,6.66548615115927,0.458769548269087,4.97428239703616,5.98717459311294
11.9765236542222,6.10723891219331,0.490065808032677,5.01581321976082,6.00405449984167
11.8575460283976,6.02359748707997,0.492003027215405,5.04344427159029,5.99561479604097
11.5052635132127,5.87058205487905,0.489748144565549,5.08622861287629,6.00420893071871
11.3954348315784,5.80635104746789,0.490466916507857,5.07430132703736,5.99061757307049
12.017797754656,6.54454672708314,0.455428784816453,5.02369321379883,5.98745617098692
11.9542671624356,5.89320110002695,0.507021131454598,4.98893636144134,6.01500108170413
11.9688864978489,6.22687487417815,0.47974484716709,5.05454371521972,6.01964153466577
12.3497056533231,5.92199830312521,0.52047453847358,4.98832501405525,6.01485402994616
11.9658023431439,5.90362614242961,0.506625132763268,4.99230889727523,6.04237013664169
11.2023709271347,6.062211658939,0.458845658801124,5.09812127638506,5.98468641072841
12.1272250564731,6.64690494258627,0.45190223553752,5.01346296664663,6.02081722493836
11.1118732573856,5.80539677480265,0.477550126757965,5.10148676562458,5.96940084884623
12.3928881382837,5.69249535857988,0.540664347562793,4.9479738507545,6.01489044061478
12.4796841066383,6.40833201977393,0.486498859665433,4.96200445248456,5.9884939351285
12.0836201413928,6.33245955447422,0.475946820540793,5.00148377641459,5.98911002528657
12.0757887895737,6.25728207249259,0.481832435004564,5.02347376980221,6.00272194983486
12.1346159984939,5.59728118834511,0.538734378653614,4.99130362527592,6.00887395626463
11.984179774927,5.94831386256282,0.503652817775001,4.97932033510269,5.97321408979193
12.1659906076119,6.29337352749166,0.482707678275364,5.05791419679421,6.0256202998674
12.1676355142735,5.97108785750018,0.509264733440144,4.99906585026123,6.03077499452731
12.2518535581408,6.29266432306315,0.486390831134123,5.03330410926904,6.0503552757298
11.9819938925795,5.82964865433533,0.513465896694735,4.99827016309315,6.01322672450403
11.4757466360084,6.10573474715176,0.467944444852652,5.05499536050131,5.99777542281057
11.6412190969501,5.45112193750454,0.531739597708227,5.00625171615469,6.02434852149456
11.8792520277925,6.47129120760709,0.455244219714592,5.03058384049099,6.00220473268194
11.8711034907059,6.32267657144326,0.467389314195313,5.05125019499858,6.00606136740602
11.743094166563,6.31216724944275,0.462478358777375,5.02804246319841,5.99118148388613
11.6807710071315,6.28849242358048,0.461637213867035,5.09969203226931,6.03259450065717
11.514968573587,5.43803544537868,0.527742050651146,5.08016104807606,6.02895129706643
11.3936254737278,5.77537356159623,0.493104844027611,5.11392532939735,5.99726501858294
11.5685946485294,6.31369270158549,0.454238574917303,5.08827479877047,6.01623763358645
11.926246839308,6.38473091743213,0.464648769771513,5.01516953396901,5.98417847462223
11.6230227204097,6.0852499563859,0.476448588050991,5.05057586944067,6.00812940667244
11.7288265622502,6.3130624206533,0.461748164904051,5.04272588216561,5.99958664842066
11.981746190757,6.03299472966073,0.496484516228967,4.9941013639083,6.03194132970661
11.9336423674004,6.45739742410745,0.458891323763196,5.05536142191956,6.01927323527028
11.7115870940221,5.75027760174075,0.5090095342692,5.02240360131448,5.98822817528638
12.170568642795,6.34545723596084,0.478622780726244,5.02706080302834,6.02614052060598
11.7746270560048,5.37722709316395,0.543320814528754,4.9705646090721,5.99387932308983
12.3208705127479,5.60790562608628,0.544845015594962,4.93288728047088,6.00692453129291
11.5909861391592,6.09001994355392,0.474590007231631,5.03872118052149,5.9655938110231
11.5422195159162,6.43816480619905,0.442207385042268,5.11201053587892,5.98349390673722
12.2802230385058,6.39584531493874,0.479175150574712,4.98881637481429,6.01388788153717
11.8087400206821,6.30492589022565,0.46607971052093,4.95824638058837,5.95280323477713
12.0715354585359,6.05312778891202,0.498561901283919,5.00959891917969,6.01565006694224
11.5557512619879,6.33379928185409,0.451892037284603,5.08545768324017,5.99607080025713
11.9065209073231,5.59628061492132,0.529981876445592,4.96935651149902,5.99953080185651
12.0186098719379,5.99360250285604,0.501306509927539,5.04203737397719,6.04233059547258
11.5531370389033,5.86454031097196,0.492385462820698,5.04922822672166,6.01407261415467
12.3969985160397,6.94624513354876,0.439683313298664,5.00414042765696,5.99522040393523
11.6531426687548,6.41031478172283,0.449906779317942,5.05081345275995,6.0032096774288
11.9525471948837,6.41929629032973,0.462934871900987,5.06220980773829,6.02748460512944
12.1082362154667,5.98819473462256,0.505444506692609,5.00690455529145,6.03499311262852
12.1798615491669,6.3723529589522,0.476812364965835,5.04073631224799,6.0083210852752
12.2162381525707,6.80441579451835,0.443002362139898,5.01465257031303,6.00552987126836
11.5430150883903,6.02394109269311,0.478131056178569,5.06497884721733,5.99427781659059
12.4170010657649,6.70841400375113,0.459739596685147,5.0224606238588,6.02406148265891
12.5852771186462,5.94932752765489,0.527278782058725,4.89971368617235,6.01215714961994
12.4053868255075,6.41055972520392,0.483243866928618,4.96199933703348,6.03565956910319
11.8590242109852,5.98003745994227,0.495739501534799,5.00861718077703,6.00727413039166
11.6927338987887,5.89989767907358,0.495421880790021,5.05702200266047,5.98910169986313
11.9065632550072,6.15538259413509,0.483026087183765,5.01671838387639,5.99643293644336
11.1868750267088,5.78715400455817,0.482683592089724,5.09050114679208,5.96961533951356
12.0533019281262,6.05813129699168,0.497388239910004,4.97445739849748,5.99605038791898
12.3408257746578,6.11002170212847,0.504893609739182,5.01264528186284,6.03939294354593
12.3956662958348,6.4382167725423,0.480607446272924,4.9625815984148,5.99404162208848
12.3140221402873,6.41836011948992,0.478776305063541,4.9829717039859,6.04108437901621
12.2154004314778,5.97612709860451,0.510771085063682,4.98348170940809,5.99985231765901
12.042372496668,6.28626996444078,0.477987417663742,5.01574602761673,6.01559869051126
11.9971533435657,6.08983673432238,0.492393190290556,5.0183297432973,6.04633838332856
11.8048536895757,5.79620099402544,0.508998489397307,4.97667036313333,5.99262626910775
11.3796312412388,6.0121636833931,0.471673241782603,5.09187197112956,5.97745660730392
11.5469312240467,5.77450618373209,0.49990988326781,5.05690103062286,6.01270102023389
11.6315130165572,6.13482515443984,0.472568603439034,5.06942752104628,5.99971138458781
11.4712887660513,5.98809312191892,0.477992992414213,5.08311544692128,6.00948773730878
11.6101091697047,6.01396900354379,0.482005817892172,5.05171736521583,6.01079896770422
11.7955470338006,6.75116689111296,0.427651225350787,5.07802132763591,6.00287389292881
11.8330191130946,6.12985913601607,0.481969979307083,5.03435539004473,6.02016244985675
11.8134214595649,5.30957943201897,0.550546854677735,5.03806681673647,6.05437177982554
12.1724021741256,5.96624245760106,0.509854967634633,4.98544313663119,6.02542981298611
12.1849279725443,6.17388737746256,0.493317696142821,5.04264908890089,6.04218293985238
11.7499355383831,5.68662277745952,0.51602944893755,5.03289800510981,6.02317545269207
11.7575902264771,6.44987193006095,0.451429093392251,5.06686423095349,6.01865925195748
11.996052492185,5.68777821025681,0.525862510691562,5.02861105625356,6.03144637576549
12.0037905271271,5.93136271331023,0.505875856471666,5.02036547577587,6.0176697175
11.8292935035072,6.60047211765361,0.442023133867068,5.04344239525362,5.98059480126282
12.6435561398436,6.18995945018049,0.510425755086885,4.96240860686469,6.03462081765767
11.653174752315,6.1358305747778,0.473462751122063,5.03407534060592,5.97405363688336
11.925022585949,5.54267770423552,0.535206104283078,4.98186624193481,6.01498867177935
12.0767644478758,6.00285731119008,0.502941591922336,5.00635315906665,6.00519522860124
11.8288757088256,6.03370640126874,0.489917169662459,5.02688621015348,5.98761304552655
11.8025337621492,6.74377585391493,0.428616262421357,5.09528426623248,6.00280409257272
11.6376259484349,5.96270768484352,0.48763538961781,5.00832302837522,5.98156052728359
11.9504787978213,5.77114317084293,0.517078497984947,5.00965702912595,6.01683516180073
12.0102080282085,6.21164603790259,0.482802793813961,5.04160970883098,6.00520238048196
11.806028734414,6.01790256461989,0.490268683907399,5.03178838989315,6.00908811365893
12.3653832902412,5.67687024166038,0.540906245410074,4.9655102001622,6.02340143134136
11.990662444437,6.10326574258834,0.490998452264834,5.01218153583395,6.00306510429904
12.1010998088793,5.89777113900746,0.512625196704856,4.99214469848283,5.99842168603023
11.6642856566978,6.27560675663931,0.461981046988866,5.04201057102042,5.9829135599594
11.4580661624295,6.35452821552565,0.445410060873807,5.1189880010801,5.99332677342877
11.9940714804862,6.54729599889549,0.454122312882025,4.97200784783511,5.98948743820663
11.7775675173776,6.20158776954237,0.473440694745155,5.04245638041403,5.99943270869238
11.9495144837346,6.35992915492848,0.467766731143305,5.10390049835099,6.05620509546061
11.7911954933754,6.58115681732695,0.441858391625817,5.07606877559888,6.00625991912312
11.7424917532032,6.01018732087686,0.488167635354109,5.03937166804199,5.98702570394111
12.0080727757644,6.09100996962121,0.492757074064828,5.02333191674181,6.04060429950649
11.4801873024653,5.91616363845344,0.48466314332842,5.05896306726898,5.96101228960753
11.31688805888,6.42780284665322,0.432016751141273,5.13292867840741,6.00411929011216
12.2790927595807,5.78313541512545,0.529025838605774,4.9608810825091,6.03894281101907
11.7937417352464,6.37467553757912,0.459486592068745,5.0284500689855,5.98545894568967
12.2827668587486,6.57493411363747,0.464702522709338,4.96347141827769,6.01811616838424
11.3746387328347,5.78320828550851,0.491569937178367,5.04284414711279,5.98270049081697
12.1086194693992,6.10079508342531,0.496160970386162,5.02582108389423,6.04109091860907
12.0961409151742,6.25210738862532,0.48313206398065,4.94886370239426,5.99889264801882
11.383581430607,6.31062732673985,0.445637792885421,5.08776967763973,5.95046799366183
12.0057680406102,5.86518984166774,0.511469002080632,4.98358408519751,6.015688606628
11.5886148065994,5.6163114038292,0.51535955784544,5.00636879192243,6.0039697560675
12.3486616928805,6.39224520377455,0.482353200471924,4.96769163021146,5.99629234983903
11.782012700246,6.5570456337213,0.44346982128237,5.11297511795863,6.01677403251782
11.053743440457,6.00600233098222,0.456654448030691,5.12313661717659,6.00011674569143
11.8482205075569,5.75564818882691,0.514218343154914,5.01273270727843,5.98821160783158
12.6446763731449,6.04969995234121,0.521561503528098,4.98286211014177,6.05614556572637
11.9837729318576,5.80533249741914,0.515567214897215,5.04661660196097,6.02722915804374
11.3722131174099,6.18608589510999,0.456035001169684,5.07843409331817,5.9751792388052
11.9637478390031,6.09357695819262,0.490663206865085,4.99525320741457,6.00362191017377
11.8311792446626,6.32448388942144,0.465439263607252,5.06217958508845,6.03902090175999
11.8974289314249,6.12368453013717,0.485293455801817,5.01709147188186,5.99854503045649
12.0116542657288,6.08436292948704,0.49346170020505,5.03944356569231,6.04397073065947
11.3442292844055,6.16153740190549,0.456857116739034,5.10642898329066,5.98849805179836
12.080077680279,6.09995227166243,0.495040310740657,4.97432194214384,6.00639148164609
12.2852174901321,6.14093426940939,0.500136300041739,5.03253833718317,6.02247375221013
12.1422224437868,5.91773601656674,0.512631559505413,4.97673610908315,6.02846535353045
12.0327845716548,5.60132846561582,0.534494411309361,4.9243043500204,6.00934819703527
11.6375623586955,5.99212809659458,0.48510453375854,5.01227433903818,5.96502989054312
12.4188400269558,6.27042635722381,0.495087597262425,4.98161935664427,6.017703599273
12.1322595941794,6.25440374157668,0.484481543357572,4.99748195241826,6.00299809320973
11.4635185440745,5.66252981495995,0.506039110663197,5.03613396835237,5.97216581698236
12.0783098184537,5.83821535477679,0.516636396769942,4.98891517748287,5.97719042083275
11.8286664141176,6.5438904203983,0.446776991479941,5.06391003206582,5.97894887695649
11.8050181461329,6.21893094072763,0.47319598633867,5.02703955241799,6.02275009914984
11.7721884697191,6.11289985665322,0.480733775850001,5.04482368266862,6.00589088488376
12.0266918009562,6.52392987318492,0.457545767268584,5.02252832566623,6.02175771585214
12.408221884169,6.68911328818493,0.460912824526515,5.04875397260971,6.04387172631599
11.8933070175891,5.93312528416928,0.501137465349649,5.02884636908755,6.02161021618288
12.3020493673249,5.8206523880951,0.526855061762705,4.94448693456491,6.00061330967716
11.6645728407265,6.475759265427,0.444835284253436,5.07772103141528,6.01903077144623
11.9271299367417,5.38054655332758,0.548881702315263,5.04556080573539,6.0232130836808
12.1263603752917,6.37459833026333,0.474318910787775,5.02373109132982,6.01363597816978
11.3512012880064,5.87196332138343,0.482701154494749,5.03994778486908,5.99866486234464
11.80964959296,5.87070429079652,0.502889205595382,5.03434701826296,6.01852966656081
12.0164492160998,6.04611132920649,0.496847095138068,4.99674935011264,6.00796884565023
11.8265067924527,6.27637175614733,0.469296228692592,5.04554918601913,5.98150222576823
12.0513577491769,6.30089558606125,0.477163012068778,4.99159161235215,6.03723410854465
11.7945249338739,6.53812929073795,0.445664040951711,5.03278339796999,6.00713881872739
11.9709182164642,5.7133304902279,0.522732476580614,4.97449557106806,6.00280085714682
12.0068678600754,6.20467334713336,0.483239640892126,5.02378563667861,6.01764977960693
11.8160836058451,5.75057498810089,0.51332648109766,5.00333681060566,6.0327501571459
11.3238297632334,6.08448903146105,0.462682753213372,5.13577097928238,5.98651800599278
11.650036573052,6.5486816384875,0.437883169085029,5.03669291384866,5.98040140754227
11.7059426769115,5.9103807152822,0.495095706649948,5.01603473509084,6.03041221415802
12.0636883207499,6.12433171488049,0.492333393233771,5.01066682163636,6.00536674518981
11.7925749137751,5.89904787668384,0.499765918824642,5.01387591903163,5.98755840936348
12.42604949067,6.48285710566334,0.47828494401773,4.97442419747834,6.01699777914108
11.4857695616093,6.07675302777031,0.470932008937249,5.07969633742643,6.00223352197743
11.6944470579509,6.20259416412312,0.469612018987589,5.07754941680764,6.02273518906847
12.1144065323706,6.00478503631398,0.504326933369063,5.0349137906444,6.0332056801563
12.2334544920045,5.95907723950238,0.512886793881721,4.99100447722627,6.00830391905453
11.7779372637904,6.10300245212297,0.481827563228258,5.02649780347656,5.99106312175744
11.633091586729,6.0425948716224,0.480568443343491,5.0502669590803,6.01716036802492
12.1327522619677,5.88308308557504,0.51510729317233,4.9978547016411,6.02470314351014
11.8549613414977,6.26824722950164,0.471255363139822,5.0570277184899,6.01005546592919
11.698677360323,6.4762509794998,0.44641169424293,5.05393077940055,5.99864428131668
11.5037580240425,5.89739629025006,0.487350457309281,5.04562120763166,5.98739873201919
11.9640455584803,6.10131368112316,0.490029217015271,4.99704924644665,5.98743088367737
11.5041221296216,6.46867019092628,0.437708491092047,5.05420191341926,5.99268858930137
11.2477184856979,6.02196648879527,0.464605511201889,5.04630548829269,5.95448990466962
12.4971946473886,6.43128687127086,0.485381555402536,4.95735965225274,5.98438537112295
11.8632559690243,6.12076417900029,0.484056974326275,5.0453870173563,6.02446770688339
12.0006180554107,6.06356689745952,0.494728782345871,5.01116598890852,5.99836689608595
11.7938582750493,6.03338583192654,0.488429851264993,5.01439399273441,5.99528920048042
11.4912688806226,5.55860971417161,0.516275376382067,5.03889770208545,6.01403349304285
11.5918582831497,6.04931675802975,0.4781408976658,5.03919258166138,6.01176571888383
11.817996355862,6.40680970224983,0.457876825366262,5.07286816630689,6.02429406816726
11.9865906472229,6.57663975522796,0.451333581934606,5.02140636099395,6.01470951033636
12.1105836099516,6.0087641136794,0.503841903313247,5.01910943809427,6.03337952776113
11.7457582183689,6.31016104705606,0.462771076184103,5.04733591542999,6.00950555369234
11.8041676871968,6.1308440667862,0.480620385168203,5.02167979096653,5.98401794671835
11.7149075955031,6.27380490917226,0.464459718693765,5.03920084782535,5.9792839027856
11.8495451037443,6.26434649136954,0.471342871264307,5.10122571200025,6.00158496386919
12.1087149364854,6.24238468643435,0.484471744592393,4.99182542562623,6.00108876687532
11.6019269394211,5.85361951304823,0.495461439844208,5.06271312523284,6.00029616763694
12.0933285287661,6.50204912967588,0.462344125175328,5.08510397516924,6.03053312971924
12.3099132149522,6.43154770386604,0.477531027915454,4.99457610731051,5.99638377075551
11.5739499528559,6.15807425981477,0.467936678065966,5.05470069486499,5.98950449928397
11.3479730308782,5.51278832496972,0.514205020582154,5.08492420167581,6.01105495731672
12.5337987155203,6.156595685001,0.508800498177983,4.97348992147175,6.03939179049669
11.4249688835253,5.95844054765232,0.478472054637771,5.10687794123652,6.01313016187049
12.5963074925611,5.96948179078098,0.526092722465983,4.96314110309814,6.03293912668618
11.7859936904296,5.94623598485757,0.495482846755126,5.05352509381193,6.00608537976623
11.7927629218074,5.98328715343044,0.492630591058009,5.03794315752106,5.98757898607557
11.5917652698577,5.75448077968525,0.50357166094031,5.13010245834373,6.03541821605656
11.7661817332445,6.40818626497114,0.455372489542187,5.04574748587425,5.98233502556445
12.2838198648833,6.53194011681522,0.468248461092416,5.00166380627312,6.01276906412841
12.1090047473804,5.97404295172679,0.506644594138161,5.00787609711674,5.99081328593537
11.6655816539543,6.39439923699705,0.451857658993838,5.07502048826927,6.01134201383182
11.5497073846594,5.87042484907216,0.491725231336215,5.06339961483311,6.00153735255271
12.2296423366599,6.21800637413807,0.491562696359581,4.99252977450772,6.01900122377179
12.3001481256333,6.57494222949742,0.465458288604234,5.00784701762458,6.00892131856813
12.218585371146,6.06451378449631,0.503664818775373,4.98524675733622,6.02387143691105
12.0719636390337,6.14673433092672,0.490825642395759,4.99169735337313,6.01906567478126
11.7866776278156,5.59622099935026,0.525207935937466,5.02428381668943,6.00263989839712
11.7842511846525,6.4695365962274,0.451001468412931,5.05309062397238,6.01055037156697
11.5902410687056,6.02251650656917,0.480380393223193,5.04150602985617,5.98906000384663
12.2233704747481,6.0559758506085,0.504557612557079,4.95488135963723,5.99980824819613
11.7869009482367,6.10131967242897,0.48236438914491,5.0675008150131,5.99848140564052
12.0743312723284,6.55458298963315,0.457147328344819,5.04934655779626,6.04272867996404
12.0522172777219,5.78214170816776,0.520242493565407,4.97089587089491,6.03617719899536
11.9116737687427,6.43765716126213,0.45955058153497,4.98419882158616,5.99044724723022
11.4317096425579,6.0604907016952,0.469852638739768,5.07073690974078,5.98864414317661
12.1736855242081,6.65632357057029,0.453220345035709,5.02979295650509,5.98846082966619
11.6697091861595,5.99837151847057,0.485987917712231,5.05336916012279,6.01319748808807
11.9057768140422,6.26887531307526,0.47345936254395,5.00723643388915,6.00493558791052
11.529555411079,6.43292515199408,0.442049157783437,5.11069805848169,6.0065847435131
11.8308158140243,5.94652785436967,0.497369585678052,5.03266684152169,6.01966515894321
11.9327375253544,5.89101351152616,0.506315001146292,4.99665318987472,5.98538654184745
12.2700460167823,6.02804872002841,0.508718328212984,4.92445003522734,6.02574385014756
12.4146072294061,5.81387866379009,0.531690487152994,4.94648822529357,6.03378694034899
12.1016903731456,6.37348868581077,0.473338972549326,4.99652859431167,6.01203599859278
12.2479473218678,6.6086459861491,0.460428281370068,4.98747650715546,5.98502915175474
11.8081486851992,5.91748616762321,0.498864189012083,5.01782941696338,5.97634084384796
12.0408370594766,6.20501603763437,0.484669046928861,5.0166521496484,5.99739332044245
11.7417381719894,6.14027759102824,0.47705548351638,5.07976357510135,6.00073234310265
11.9338010285804,6.18192826619813,0.481981620827016,5.05067169019654,6.00598267848118
11.9013296286423,5.75189439505627,0.516701530456437,5.00338760876393,5.98708752671481
12.0561857975363,5.82005910881241,0.517255356996759,4.98291543229524,6.02314526025204
11.6835779626344,5.84243457813281,0.499944743226974,5.07717870994461,6.00365892690917
11.4345496713398,6.0615048474319,0.469895621458113,5.04141525558015,5.94151275846197
12.3528527077971,6.18636963144248,0.499195062243585,4.98232912517696,6.00512802465487
11.8093354910632,5.81887244410108,0.507265040568577,5.05980892153278,6.01092433641292
12.0529573542729,5.9000892049251,0.510486179324823,5.02528102455293,6.00440262438112
12.0771532736414,6.03066167013153,0.500655366915517,5.03251388671891,6.00392983742345
11.510505347679,5.38551853132507,0.53212145178222,5.00818894130231,5.97309736523544
11.6187909215651,6.20271288537016,0.46614816229651,5.0631343186243,6.02235476830672
12.3871160406757,6.48899793172801,0.476149419249807,4.92532630908821,5.99668614763511
11.9948590084656,6.41727727589821,0.464997690146328,5.01706099849973,5.99564503520048
11.9189310475817,6.58692123805995,0.447356376862637,5.08152367825673,6.00955179522962
12.1489529003119,5.99621896725926,0.506441500229595,5.01375248508374,6.01491013605396
11.1726541140145,6.16571718716831,0.448142122341881,5.10868982408557,5.98783562686891
11.9649097042276,6.18744553967134,0.48286734353832,5.02936310532487,5.98353591765705
12.0332669370387,5.94075080035443,0.506306073700678,5.01236507485088,6.01420138732706
11.1941763253414,5.8069831610408,0.481249625495452,5.07663294720386,5.99500099875703
11.7818283252291,5.60365783191694,0.524381303373984,5.05503048319846,6.04155765417214
12.0390282119952,6.1828354671569,0.486434007937901,4.96686401686155,6.00273608087734
11.9077621303351,6.20801643998208,0.478658007102182,5.02608726698802,6.00526029880953
11.7602581362228,6.28585899151703,0.465499913462279,5.06606879389735,6.0170118620936
12.2178134125509,5.9540901179669,0.512671382601858,4.96332319097092,6.01226719622306
11.7747844888494,6.00535895448554,0.489981412384019,5.08457363003174,6.02380643138335
11.7688680552922,6.20077765548132,0.473120301260155,5.10672387565381,6.00087610200374
11.8810552734393,6.45330113592424,0.456841081250508,5.07066656051759,6.01474269150023
12.1456060542,6.43570973959725,0.47012032904099,5.04597684960702,6.03025857285667
12.2938728600683,6.27960530467651,0.489208536955569,4.98736485296941,6.02674586037081
11.5476804677277,5.86916278010672,0.491745307942206,5.04166126674396,6.0005118511344
11.8462373992082,6.36879900423885,0.462377901977166,5.05947724396855,6.01780733549002
12.1214101214768,6.26507672533036,0.48313961308595,5.00826380535353,5.99676574490734
11.4751353694469,5.73215997619475,0.500471254443157,5.06695337948238,6.00567171294318
11.5705741418962,6.11011363502867,0.471926495600214,5.08113149038545,5.99211525961326
11.7147661509062,5.79565403195087,0.505269336383419,5.02873785443411,6.00552788207228
11.9092509863358,5.99549405602625,0.496568334742024,5.01600491330105,6.04096394570847
12.0040598649096,5.95921127545942,0.503567014616492,5.00482577820949,5.99374420881855
12.0136976203791,5.58063796333763,0.535477074612642,5.02231452816249,6.04888219092512
11.8766737961936,5.78598384153783,0.512827922966764,4.95951538763674,5.99670116077428
12.2396803738201,5.8578912445966,0.521401616244307,5.03907378901201,6.04138695411311
11.8700344874078,5.82868445109197,0.508958086240164,5.01743847728113,6.00965254659785
12.0851540566347,6.45596992459364,0.465793328381334,5.03465565570979,6.02895716083111
11.6148418769364,6.54789168387819,0.436247884107633,5.1122427427958,6.00172097148745
12.1011759601605,6.41629395399765,0.469779302844503,5.04991645023474,6.02572805187709
11.3565000702756,6.10768888660856,0.462185633882506,5.10385558631252,5.99823064270682
11.8208645526478,6.29443991187167,0.467514420469207,5.00523787877328,5.98122190706495
12.1755001473055,5.76519037146771,0.526492521726626,5.01448494481234,6.02953012724302
11.8047740442737,6.39838821330415,0.457982999987373,5.00565905021598,5.99560537921205
12.0044624549121,5.8894730926624,0.509393018239438,4.98707333465089,5.98884207859221
12.3041795926839,6.32007836367457,0.486347032236713,4.94015462298468,6.00733610116385
11.7647998343617,5.79274660353462,0.507620470803454,5.05817878978374,6.02861387711572
11.627265486505,5.72820873441605,0.507346870073245,5.07086102996404,6.03860264845308
11.4558574677425,5.5902570410546,0.512017580805652,5.07244248661531,6.01501133425932
12.1765157747318,6.41327556168289,0.473307826283818,4.99053001178512,6.02242742168422
12.2259648883866,5.94684111261906,0.513589220408448,5.02063200845206,6.04332392121266
11.9395637034838,6.17769521969293,0.482586183790756,5.0643471193249,6.01969468599457
11.5205704381743,6.40602233388825,0.443949206485349,5.06140448116434,5.9805886321978
11.7269583588615,5.44921546147085,0.5353257601232,4.97265836888084,5.97765070041908
11.9751406758289,6.35670814251345,0.469174658186348,5.04274969376779,6.0325837895027
11.6129609080109,6.11795874446026,0.473178391546989,5.04139059265332,5.98716023284293
11.7309130760347,5.67512860530864,0.516224477282809,4.98451460037602,5.97707659010667
12.2090203159848,6.61066051375415,0.458542918050595,5.03832966373448,6.03255333024592
11.9128740858893,5.86242166172823,0.507891914288573,5.0068319217305,6.00451898022638
12.3305732908883,6.07790484304693,0.507086596895037,4.94483466688326,6.01130634345733
11.2069658967486,6.02292782994825,0.46257284215564,5.11736330510732,5.9806214267707
11.7933770071745,5.80117813768535,0.508098644336036,5.05458174566134,6.00700247593765
11.6138920048587,6.30507413687607,0.457109284791154,5.11429530800166,5.99744242177109
11.7837188130403,5.87488175339922,0.501440772084798,5.07575050973619,6.04413117208616
12.0789495077671,6.1376235068739,0.491874396616426,5.01966984272708,6.03552122211971
12.0250358817866,6.43001270609696,0.465281204205301,5.00379613142769,6.00795444019599
11.8104516859124,6.25408922685737,0.47046146979143,5.07947526629674,6.01669631766174
12.0873255482085,6.22157306732249,0.485281252456662,5.00682894020126,6.0042352911547
12.0546347670645,5.26969844953608,0.56284876718672,5.01003592890311,6.03458753294678
11.9062173358806,6.30851672430721,0.470149372689857,5.03573424127983,5.98023225005578
11.9123346540079,5.94736857922282,0.500738624966198,5.02716465577762,5.99106087617119
12.1067968844737,6.1620621979819,0.491024566053105,4.97224167484255,5.98486995997423
11.9856296199528,6.20301297585208,0.48246248444673,5.0000133921163,5.97724261796075
11.7724512363857,6.10009077539242,0.481833421697381,5.05439615777285,6.0256563731573
11.8902822832703,6.21970505770624,0.476908545185896,5.03075468171565,6.02680251666273
11.9494556058459,5.81380902179544,0.513466620274216,5.01179100729355,6.02388375932262
12.0842909672541,6.26821853913755,0.481291988406842,5.02737144329881,6.04457012043855
11.6272452503961,5.9033744498362,0.492280903799194,5.03471591035859,5.99552441823041
11.740968568957,5.66083648465094,0.517856090713151,5.03390231484784,5.99985745280281
11.8339631083481,6.72803849254116,0.431463624574346,5.09898083422942,6.01854413238414
11.5067015485218,5.57782876594788,0.515253894226148,5.04659914812141,6.00049420865525
11.9620307656157,6.00968822898465,0.49760301183481,5.01500763722052,6.01169234094935
11.9345328630361,6.45537994819044,0.459100743843593,5.03706743749553,6.02465531522636
12.4713174092553,6.15791825394818,0.50623353957953,4.9606589396919,6.01275655650608
11.5510998094367,6.44138011831768,0.442357851236349,5.06625748263421,5.97411551130963
11.9335464988888,6.27303362406954,0.474336181230477,5.0351454588148,5.98820744858231
11.6523720706727,6.08792816139993,0.477537438345079,5.0444736938103,5.99179824744957
12.1364317538601,6.47383443786261,0.466578433500147,4.99614280881748,6.01331889247602
11.8517032761123,6.44804773836533,0.45593915168618,5.01182403698144,6.00764893546958
11.4957125183783,5.76146949034639,0.498815799269906,5.03658753687333,5.98487651408187
12.2111983885765,6.28809322527235,0.485055190721099,5.00386171272786,6.04362150337739
12.1368392506205,6.49645715805549,0.464732371921021,5.04106166801354,6.04499679708854
12.1459162750257,6.57685867559742,0.458512760447666,4.99628758488049,5.98348433486987
12.0851599450573,5.81489577196688,0.518839982391372,4.98768915739457,6.02063754495214
12.3867449407689,6.59587046308617,0.467505749522866,4.97913258647348,6.00589279283399
12.1286727760492,5.91052578809719,0.5126815689373,4.97993703665493,6.037651020101
11.7518450409248,6.4117701475322,0.454403106473601,5.07984159988597,5.99896234340158
11.9212607982553,6.18947058639219,0.480804028102628,5.03776276357746,6.02557961477116
11.9402001646595,6.74302956197472,0.43526662292206,5.03675113398923,5.98591978649809
11.9276173844406,6.02937050037894,0.49450336089384,5.00913861481472,6.02514320109061
11.7332606224711,6.27309346102414,0.465358039604938,5.05222792071581,5.97760596779326
11.7398933713183,6.38090974681664,0.456476345653545,5.02057421909691,6.00572672576572
11.7018280417868,6.14215073714797,0.475111861564316,5.07266768882928,6.01734912857312
11.6245532659117,6.55075389947007,0.436472632571633,5.08229293421488,6.00618699066026
11.9246473219491,5.68821977867462,0.522986330320679,5.02502138055158,6.01938046107414
11.9055759396381,5.8364134963366,0.509774787383028,5.04305491150711,6.03576128290877
12.2331215050441,6.41487816644664,0.475613958072632,5.0117356957779,5.99702839137612
12.0318523998119,6.02476710933694,0.499265207954916,4.96438216414706,6.00269014620864
11.8798634075999,6.32870806505684,0.467274340796867,5.03659356399165,6.0128002602764
11.5205368286662,5.99878659459324,0.479296261640636,5.07607536183966,5.99427137939608
11.9491298265265,5.46642980743858,0.542524862747462,4.97129601579502,6.00390817181802
11.7758213980584,6.20414017214103,0.473145867076079,5.01321539926716,5.97154180796299
12.3038368448683,6.08472322275907,0.505461320767034,4.94943173322221,5.9880121840026
11.8035067405056,6.04890608170049,0.487533136153283,5.07050499126745,6.00600865978411
11.616933090747,5.94790113740691,0.487997297484265,5.08513725499204,6.00483560552089
11.69522009603,6.32287794083686,0.459362210465522,5.05738291769564,5.9675223155736
11.5901733170222,5.8303226694576,0.496959837443091,5.04735717828809,5.98716918595615
12.005104150885,6.6605474022727,0.445190369149634,5.05899828858948,5.99444980212236
11.7824008779638,6.00584748035021,0.49026963667628,5.04661817944065,6.01314076838303
12.055634304293,6.54947783613773,0.456728889511399,5.026604909562,5.99638211979364
11.8529672557251,6.05259898681331,0.489360017940667,5.03590248270814,6.01726629873774
12.2902620873636,6.08557220089021,0.504846018935011,4.99897662957498,6.02090342324568
11.7056656224961,5.90733533521102,0.495343919284843,5.04544041416132,6.01047454098032
11.7696982100469,6.57590505139931,0.441285160074373,5.03286724037326,5.96167276445898
11.9976945078657,6.47243034745964,0.460527158512303,5.02520705679994,5.99487361600877
11.6048162178467,5.67108382750243,0.511316360290044,5.03738183837111,5.98637007120833
12.0150252576505,6.01857619597622,0.4990791890226,5.03341804769545,6.00772168762322
12.0850539836444,6.20525962782905,0.486534388987665,5.02181803861168,6.01882305704615
11.8043970565328,6.12120346367429,0.481447173086518,5.03619734117419,6.02574539735554
12.0002854925178,6.08898194772287,0.492596909338584,5.05800522716641,6.0424815653978
11.824644664393,6.75648481959463,0.428609906567417,5.07206296443165,6.00478655759994
12.0365386690426,6.42656406713711,0.466078725467321,5.04925025711031,6.03848397593718
11.9416810097535,6.3018501822513,0.472281148935044,5.06235855357971,6.01629040348538
11.728743207915,6.08474723071601,0.481210635883836,5.05442550671181,5.99294173583824
12.2001781144638,6.31679805391438,0.482237226813469,4.99295299703205,6.01321770435135
11.6400932373772,6.0026540124105,0.484312205237708,5.07980909394409,6.01068383112134
11.7403503172313,5.88314873963932,0.498894957929437,5.06901391434073,6.00889737984093
12.4320418065354,5.66822793660041,0.54406299264368,4.96393144660967,6.0629651066348
11.8779696948729,5.79735137351232,0.511924047422455,4.99724959019805,5.98964010143833
11.8271468142469,6.11412480377084,0.483043129522513,5.0222963238896,5.98711044518029
12.0332063513597,5.96656298341345,0.50415850861402,5.05586456713304,6.01479381189709
11.9140983691658,5.80480030940997,0.512778883508883,4.98168131824731,5.99820815187561
11.6600898862362,6.34399614780343,0.455922191878467,5.0651097910272,6.0113390798961
11.2750355440912,6.26957444248093,0.443941935441034,5.09141929695916,5.96841655989556
12.1613728043249,6.47719488539824,0.467396075293836,5.06068739530668,6.03842841314301
11.8803336927193,6.79756423611371,0.427830529686257,5.0584925924232,5.99631158553888
12.1677165321925,5.98401275576801,0.508205772222265,5.01997450460134,6.03587686091535
11.7931302242418,6.68257809339735,0.433349927768902,5.10492107489857,6.03406660808427
11.684273815768,5.25538660098844,0.550217096598999,4.98462700320486,6.01788800840709
11.8785706456926,6.34566075233825,0.465789197908312,5.05872590510277,6.00784433414849
11.9820696317604,6.49533178323985,0.457912365487935,5.00083540738183,5.97497621434217
11.3792448662256,5.75725784915733,0.494056247418906,5.05656612641139,5.99625490639005
12.4428862261571,6.33709031310758,0.49070575765726,4.98234183234777,6.02338537142607
11.5291930377674,6.02532076018858,0.477385733723877,5.05255135993788,5.98032013852619
12.2976189773209,6.1638128500539,0.49877997835019,4.96567417285552,6.00724689626262
11.9653619252434,5.93605975717405,0.503896347284681,5.00867205741695,5.99653727314693
12.0607462583013,5.97471062036735,0.504615179491484,5.01738689619762,6.00221815418113
12.0960202846777,6.17867382522768,0.489197795653968,5.0048957342671,6.02653920262609
11.8791717617115,6.41780550042032,0.459743016671757,5.02425634797849,6.03085609842037
12.0502200429841,6.27047791344984,0.479637891168581,5.02297817952341,6.00306203373873
12.1072563849787,5.60751192634585,0.536847015703489,4.99830901161248,6.0156009545229
12.2181818218279,6.15496735015726,0.496245231908291,4.99648132621671,6.03395101238449
11.7985283726521,6.26653264171628,0.468871672484041,5.06201393634554,6.040578581321
12.3545639399713,6.25685597505186,0.493559140941531,4.95702538341759,6.01015886578294
11.9658894717177,6.38342872461523,0.466531197726426,5.02763946985975,5.9922199223207
12.2137079094142,6.40390092915072,0.475679214154559,5.01087504040714,5.9920781849579
11.3411907106892,5.95166607866686,0.475216824186074,5.06385842812819,5.98558874785015
12.2724300055553,6.16074865518468,0.498000913234303,4.99540692036659,6.02918476103403
12.3211297143181,6.17937190075625,0.498473594221205,5.00810424725801,6.03052671660587
12.0430440767253,5.98352487452788,0.503155112909385,5.01306560287886,6.01073094316822
11.9304343276034,5.85745649155185,0.509032418207988,5.05338051866701,6.04569873761935
11.4816249547692,5.8983090503536,0.486282727959723,5.06992520434525,6.00816431217253
12.0398201855631,6.06433255377013,0.4963103717245,5.03253827913118,6.00406519377112
11.8148673865857,5.91518368911858,0.499344047159214,5.01408865708768,5.98357486952682
12.2688403037211,6.06921968857918,0.505314313469513,4.97882957497251,6.02567189250689
12.1682259080719,6.4650395584067,0.468694975976898,5.02211623376326,6.04379140382766
12.0082584532195,6.04883662697039,0.496276945525883,5.03624783271834,6.03250398053378
11.5955925308466,6.19983926139549,0.465327947243515,5.07020625560511,5.97778009839204
11.9632940529088,6.10654207530857,0.489560145533343,4.99985933278006,6.00050243431753
12.2515560832265,6.40758594121024,0.476998195357172,5.01017263723367,6.03928492961732
11.7086861151383,6.38059848207274,0.455054271732235,5.06914398764957,5.97072756529834
11.749205309887,5.98128416677644,0.490920108295055,5.0640448563047,5.99409612247637
11.5008834663122,6.18234689656265,0.462445914292439,5.07548688517278,5.99138114959862
11.7423843258917,5.9406568887512,0.494084274208928,5.06449379204348,6.02092477717439
12.0627949144446,5.94749997526174,0.506955061621756,5.06676874293159,6.02703024877529
12.2458335360653,5.43600010714453,0.556093908092503,4.97916174508429,6.03642628563956
11.9396866402713,5.95063694804346,0.501608616094448,5.07042130803959,6.03143565524341
12.0642172060276,6.29757715806051,0.47799537669845,5.03033719101489,5.99888349419044
12.1297638642804,6.1176057680649,0.495653350179392,5.02653681570554,6.05441286514019
11.8346611966311,5.81591173183352,0.50856964680247,4.99080395952464,5.98665134336377
12.1869011409539,6.02228796296014,0.505839270105973,4.93819118922487,5.98538487545202
11.783214545539,6.09193779962477,0.48299865235577,5.02314816841527,6.0169405282759
11.4447788946349,5.86241650906997,0.487764983225829,5.09543709768653,6.03067402977755
11.8699304641894,6.03826891656103,0.491297026989502,4.98112785257644,5.98595049572348
12.0616296881029,5.99853746918181,0.502676037625455,5.02924837984933,6.03409248828408
11.8384560460879,6.33653489141713,0.464749890800912,5.09807629006514,6.03433852457284
11.6909452040293,6.67254951188705,0.42925491519819,5.04688226686081,6.00409651827768
11.848971754242,6.06238664384415,0.48836179462798,5.01868881067086,6.01830625742664
11.6011170018227,5.97451440729519,0.485005245067653,5.05192809964575,6.01100217037343
11.9909857102484,6.89184575850585,0.425247771530946,5.05823044910534,5.99948620345836
11.694647734568,6.35548184788412,0.456547816391418,5.06768208144173,6.0086279724353
11.4731664734107,6.0094780065123,0.476214520164124,5.09744119649864,6.0036112299221
11.5986844265639,6.09312180704366,0.474671300385682,5.01271865314602,5.96717845927579
11.9957095712801,6.01644707494478,0.498450088409171,5.00083091369558,5.98335291357724
12.4992192812241,6.64715114725379,0.468194692988631,4.92082017254801,6.01786579953695
11.7760561918557,5.98886963985943,0.491436730405436,4.99163064186913,5.98071922988851
11.6259755688676,6.44903842065899,0.445290557987373,5.10106806419533,6.01642292060016
11.9263124773952,6.06664994539476,0.491322237540452,5.05246147313151,6.02749630281801
11.7746488152232,5.85563348217188,0.502691453981942,5.05688533494381,6.00240327846944
11.4980611117366,5.61425218376346,0.511721834733273,5.01728936605817,5.98483394291178
12.6516926693893,5.79443863089231,0.542002893817368,4.95578530676434,6.03594393318009
12.6222417798429,6.11823271960166,0.515281609533724,4.93612021430828,5.99929623944094
11.9135452893789,5.81180300994469,0.512168471367967,5.00893469535095,6.00707110347367
11.8794374197948,6.13821003900059,0.48329118441481,5.01074043603638,6.01178628032976
11.7301018114924,5.73574488445111,0.511023435548396,4.98443291509691,5.99017540055243
11.7173360824075,5.76748120810029,0.507782215382588,4.99269726086245,6.00592823155229
12.2788512477103,6.55100551572814,0.466480586532901,4.99904359753008,5.98602363829585
12.1501100455258,6.26024332265443,0.484758302665765,5.04351174672842,6.05686999038659
11.7310635254545,6.11522592861598,0.478715129677123,5.04253450670166,6.03113472377447
12.0186127922586,6.09844847250529,0.492582997895282,5.01416716093382,5.98976861567649
11.6779714464142,6.07070487687869,0.480157585182077,5.021694365733,5.99113208407373
12.1309943167987,6.3592743844381,0.475782922787133,4.98026809713084,5.96765729548031
11.9597613859457,6.64823426060578,0.44411647974697,5.03186553988409,5.97992072429906
12.2433294231757,6.6602371072038,0.456010952821666,5.00187380192087,5.99876287313609
11.7815747245993,5.40352058278128,0.541358374488003,4.99017500101113,6.02484009789868
11.797699799792,6.10967381911861,0.482130082744916,5.02618599233024,5.98881454521726
12.3484465128869,6.11259465462442,0.504990797972418,4.97816177858624,6.01529601620836
12.2190908253446,6.76150653446269,0.446644056328798,5.06013345230357,6.02999544188134
12.0560991284644,6.14677993324478,0.490151842005659,5.00205582162506,6.00518410625266
11.8525069834442,6.38272849293364,0.461487050642607,5.06408705080113,6.01555411329875
11.7487918970574,6.34477662489354,0.459963485566319,5.02695182867781,6.0061609955435
11.5953559379966,5.87833623762465,0.493043916111102,5.10557307079654,6.01636158229168
11.6069703214987,6.22438555926204,0.463737272789172,5.10325053543606,6.00955680201496
11.9433438353322,6.27275684326955,0.474790567051015,5.03873573760271,6.01368429298236
11.6680844401825,6.04851032120901,0.481619253595801,5.01927959921361,5.98551903513336
12.03305182737,6.4078514452723,0.467479111932587,5.04709462867822,6.00723677408645
11.580755523788,6.2626178422085,0.459221997274315,5.07943522184971,6.01742150899523
12.0523594876976,6.12675908067017,0.491654801126366,5.02691395766086,6.01004829079839
12.3755678834372,6.52037952049007,0.473124822884563,4.97576820354309,6.015624525097
11.7387966196603,6.10305399309467,0.480095431343177,5.085721161981,6.02781277905526
11.8644468954324,6.27889634401407,0.470780526108526,5.05157833110469,6.01025181678044
11.8632429070834,6.13987310851371,0.482445638464703,4.97181731164638,5.98844396846132
11.9677530397253,5.63645203663913,0.529030051177553,5.00788946987783,6.03001970933052
11.58087118007,6.03192845158682,0.479147262947937,4.99447221390571,5.98232718587525
11.9637658887038,6.165511284146,0.484651292786708,5.04433566237936,6.00088364167333
12.3744247497752,6.06692432147173,0.509720698606054,4.97526071966301,6.00537268827172
11.9075378262996,6.04066894870831,0.492702098718799,5.02855818306701,6.0247057286672
11.9176915215892,5.97137405963728,0.498948764631138,5.02263414622927,6.00216408801618
11.6675049407518,6.12880620288605,0.474711497101698,5.00893731367616,5.98968120351787
12.0159180195076,6.12443445945045,0.490306570874771,5.0225748982081,6.01676944019957
11.560906485324,6.93354009839737,0.400259823293341,5.09250411780742,5.97792230281007
12.0289447132989,6.15476915163885,0.488336732911054,5.02064748682772,5.99472389841478
11.8946850380599,6.03668557593024,0.492488825335484,5.00901929221712,6.00054143459514
12.1464159103991,5.79514155984321,0.522892876170845,4.98490282603818,6.01757605135632
11.8629106010494,6.51921439537972,0.450454056797575,5.06490479399375,6.01532957700343
11.7522471098729,5.92521817902736,0.495822533032879,5.03836596562276,6.00178481263351
12.5516188465162,6.500133855214,0.482127848630605,4.99667307274778,6.02941865972949
12.2069707242493,5.65288209379558,0.536913602769107,5.01177469936461,6.02237164277732
12.0870203887734,6.14740374256028,0.491404536036848,4.97898410378918,6.02244915201997
12.1373285919215,6.75885921891935,0.443134527690219,5.01769972188876,6.00792892502981
12.4934835862369,5.52228812083643,0.557986522916642,4.94590528812736,6.04196191702484
11.8072739457639,6.01759230229263,0.490348718092413,5.02218460524523,6.00289098778371
12.0462960713763,5.9468457344091,0.506334088156802,4.99655813390411,6.01045317074213
11.5054221823817,6.23916120679472,0.457719924754368,5.06563330180617,6.00423984277896
11.6431772355067,5.76063157042378,0.505235430681554,5.0376754370067,6.02033838272061
11.4102023313179,5.95442567351772,0.478148984512355,5.08055005243784,5.98304680108912
11.7143006970082,5.69626554090193,0.51373405137562,5.04253123586606,6.0227343083302
11.7084918857278,6.1467844617107,0.475014842073435,5.01802546971626,5.96112012792573
11.8351088785311,5.94650100184468,0.497554178598929,4.98225339647324,6.00870170043734
12.3073671864546,6.25446121125472,0.491811602229735,5.01889233846579,6.06691260396467
11.4982043483365,6.37588280343053,0.445488825013535,5.057307174949,5.97414835080044
12.080508708723,6.44700938711704,0.466329643679504,5.02344833420374,5.99034439279404
11.4870806098686,5.84247675005989,0.491387154971246,5.11167806721121,6.02794743575319
12.2219430927196,6.115462831687,0.499632522808108,4.97206351129034,5.97687794100247
11.908529761027,5.95693426589104,0.499775842574096,5.07072414135794,6.04156921059341
11.7655209528139,6.4465546101813,0.452080818517476,5.03146269207734,5.99664421097809
11.7541115631132,6.13651412174895,0.477926163215384,4.96305503354739,5.99982402944001
11.8977135021117,6.23552387087281,0.475905696521765,5.02546657001288,6.01246164981617
11.5674839372884,6.33375454474968,0.452451840081445,5.0863305742595,5.98328765492531
11.9652636792569,5.86738496616055,0.509631787193097,4.97547034813655,5.98066082428972
11.8582246366588,6.01130564537706,0.493068665034935,5.03478050696536,6.02784507517812
11.6576261142739,6.10570743933122,0.476247790117815,5.06357147184619,5.98710810591822
11.5027869577652,5.57698562654012,0.515162225726937,5.01265863004264,5.97030136880038
12.0210485485405,6.07873659755718,0.494325592895536,5.02188423359489,6.01515807142461
11.8015386069674,6.42706752826478,0.455404270382986,5.03521266045143,5.99420437912238
11.9427294776322,6.01556243057628,0.496299196775498,5.03248597623601,6.04018193987111
11.824773251691,6.14343705902197,0.480460476640138,5.00905544429328,6.00344177930641
11.7775148927419,6.33564137562572,0.462056177952264,5.0552824135639,5.99498376916745
11.9217216307845,6.49468999438309,0.455222140264341,5.08698427974564,6.00431279252522
11.9702131471726,5.97909475819458,0.500502231273394,5.01910301479766,6.03210247403084
12.2576710598979,6.82275381449722,0.443389059703317,5.02112157042204,6.02006373991812
11.7233727047261,6.61036267401406,0.436138145522816,5.08583261418506,5.99697304871757
11.7590222210106,6.16506668126985,0.475716044633851,5.10356541691176,5.99745020844741
12.2697096826401,5.89329615675105,0.519687400176288,4.99307164791884,6.00502167210494
11.9526714622143,5.68111089847522,0.524699485262788,5.05355052063792,6.04647309013852
11.6809224871702,5.69506398546816,0.512447412289283,5.01981646135835,6.01079786344537
11.9396267202886,6.57024070728011,0.449711380330215,5.03357733303416,5.99065145968522
12.1080662717388,6.31394276236634,0.478534175427865,4.99236686442014,6.01930408817689
11.746195619059,6.04602438374359,0.485278078126546,5.02312100261445,6.00186305795932
12.1361299078355,6.07293125743086,0.499599023448987,4.98005673987134,6.01578865846963
11.5624238382577,6.04849740941325,0.47688326478744,5.05149352105077,5.9652403989263
12.1442780814219,6.4652838251342,0.467627158914892,5.02915802179455,6.03816519300657
11.4569159793899,6.2802004324381,0.451841975298093,5.07855287367924,6.00969881652968
11.781456309923,5.66210113939504,0.519405666799775,5.02276200871168,6.01567565162845
12.2672900865201,6.44344573476705,0.474745792320718,5.01025962742372,6.04598640451315
12.5782006700536,6.30740175920446,0.49854498869451,5.00380414884419,6.06913551975426
11.5910283582845,5.86458611574454,0.494040913845845,5.03181689421585,5.96891683894319
11.8953059081664,6.42978690206502,0.459468554091506,5.04569364205413,6.02798623493181
11.6009001484301,6.17635708534849,0.46759673763899,5.06023552020359,6.00855508808311
12.1360209211947,6.28990757025869,0.48171582670282,4.99704047884857,6.00362370585353
11.5524853383792,5.74797358858985,0.502447012895644,5.03235473537605,5.99198022947009
12.3358851286525,6.17763270764363,0.499214475230896,4.97833342799458,6.0332469683909
12.5853435912246,5.80106600065428,0.539061769859094,4.90681050820588,6.02131361216868
11.7936294524016,6.06917080493493,0.485385662706314,4.96904705811902,5.98118427943764
11.9848604191474,5.8600883270628,0.511042421678893,4.9959739528919,6.01722419009393
11.8769980253182,6.28863776916937,0.470519591249918,5.03156856939069,6.00081175427979
12.3677301149637,5.75274673454488,0.534858322338016,4.99305965383551,6.051073905268
11.8612150874181,6.31012577993687,0.468003426847019,5.01722020800526,5.99871643443362
11.7782001534338,6.03117020403489,0.487937874593125,4.99858158296185,5.96706773595895
12.0705444267895,5.95913397554757,0.506307771642696,5.0149046142911,6.02653793360534
12.2674966657948,7.007922336234,0.428740636565725,5.00073939557625,6.00846113409022
12.109960477978,5.55071959332497,0.541640156182262,4.95545198018576,6.03082423587197
11.8078585505835,6.27751402234121,0.46836134634836,5.04986933841125,6.02276217225548
11.8296667180533,6.10675845180727,0.48377595097521,5.04277335470582,6.01683601572412
12.0254888747623,6.11174859338108,0.491767140859635,5.0497659549233,5.98601157968033
11.9962846743214,6.15886642914136,0.486602177562135,4.99226033358527,5.99938824193913
11.8967795249944,6.39870758395237,0.462147922426479,5.05034123697385,5.99334663221378
12.0967210554744,6.56697965399156,0.457127297234015,4.97655384925249,6.00964893049776
12.3767505722939,6.3986687340381,0.483008993623748,4.99944363368319,6.02437621949154
12.2924608513147,5.69185683805216,0.536963598509782,4.92967906706685,5.99478400252811
11.8879575245908,5.49505099412213,0.537763237902276,4.97892270877783,5.9907377465156
11.535997076848,5.91688938086954,0.487093370303957,5.01179522315116,5.97739853288445
12.1413376657259,5.3899814111249,0.55606362663478,4.98817116166953,6.03441975559936
11.6325820924262,5.85881357996865,0.496344531814375,5.04546309766127,6.01376245632106
11.3658951323408,5.83653924315393,0.486486618502531,5.07411294621985,5.95992222225374
12.0508097635378,6.65676851624178,0.447608198381557,5.03902751365442,6.01765595563591
11.8662261028055,5.89797114485715,0.502961506568402,5.02625053930754,6.01962607104258
11.7924110817845,6.30973387746328,0.464932672911158,5.10885031928914,6.00744177392063
11.8778141651867,6.32692143019381,0.467332849108068,5.03770959273389,6.0004124472071
11.6208671508605,6.09802543265704,0.475252117290965,5.08753899082927,5.9962320512881
11.9150541256266,6.33471012923011,0.468343990514857,5.06568861409208,6.01026311520517
11.5525658748687,6.67634782593261,0.422089612104594,5.07716772737494,5.98936549581463
11.8134995354938,6.2054479839797,0.474715518010955,5.02227010910743,5.97194963245163
12.1098109801286,6.11685618704742,0.494884255659748,4.98696546702982,6.00170951905128
11.8549511783353,6.70176770203279,0.434686182910635,5.08232513210375,6.02929072121822
11.77744011057,6.0848062741977,0.483350692759058,5.02773130402646,5.9906559406851
12.1170134875717,6.38448143196741,0.473097769634746,4.96116823884994,6.01958288136952
11.5669833450677,5.93774018311858,0.486664758996952,5.06118333478896,6.0425479058239
12.5440259953342,6.17951529291602,0.507373845110451,4.98749163254358,6.02451497812522
12.2618657139339,6.32369494065525,0.484279546996729,5.02598637911487,6.04639231346587
12.1549743338697,5.783103498628,0.524219192918125,4.96828046717136,6.00839228680073
11.9944452578196,6.0029768949048,0.499520255762455,4.98068992426096,5.98717423495049
11.6521290601311,6.12249223775398,0.474560210742715,5.06410048262135,6.01408672463952
12.175871063531,6.51052769363619,0.465292654655614,5.00486931619645,6.00392619820108
11.3897684548315,5.92100846690402,0.480146722000099,5.05204478017399,6.01338927657459
11.5783680696702,6.19312649459163,0.465112314850771,5.09897754735552,6.02403471399231
11.6024825257594,6.12066320964995,0.472469517100233,5.03516407972157,5.96399174070919
11.7030329134911,5.70662237470551,0.512380900157344,5.02728062764611,6.00161534182265
11.7545691393545,5.82912035380493,0.50409748884041,5.02217759003772,5.98613832593541
11.9117378727023,6.32735738748191,0.468813244960495,5.0356285933374,5.98724453315604
11.9224912034148,6.08344756165704,0.489750299843825,5.02593354553635,6.00276086621234
12.220389854005,5.99081216565782,0.509769145074007,5.01157751249002,6.02478107297486
11.8534230342481,6.16055750436232,0.480271860156967,5.05946705132205,6.04138328885905
11.7299225767024,5.77727452577305,0.507475476671286,5.04503133942312,6.01783230318576
11.6098423338462,5.89977956312273,0.491829484546651,5.07051121930333,5.99317581097748
11.7861668722976,5.57308686190255,0.527150181879603,5.01730179848364,6.01150705973924
11.9469880697158,5.76899478937872,0.517117221870971,5.02174172911772,5.98745325351273
11.652207119056,6.46875978021682,0.444846824801301,5.10139386433771,5.98625972275048
12.022963819478,6.20137867480769,0.484205494758201,5.04261096318054,6.00945858599779
12.0115995976556,6.19752784316194,0.4840380922811,5.02693651408689,6.00770022326597
11.4427976290593,6.00100962729193,0.475564471047518,5.0932980082001,6.00225286536818
11.8708187487029,5.76528064670095,0.514331675956983,5.00409473542544,6.01781553868471
11.5840985882213,5.99546070297654,0.482440462905526,5.09063213174542,6.01324127491395
11.5957936299676,6.28530696424765,0.457966641627339,5.03665428076156,5.99641497576056
12.2069183066509,6.2040034640125,0.491763333860251,5.02921653273147,6.05922118250903
12.4053302742998,5.69089402810191,0.541254130098273,4.97252450353603,6.0187910308518
11.777202977214,5.79949744784492,0.507565806663474,4.98060845398337,6.00029603223826
11.8163796383095,5.18693593410326,0.561038482778018,4.98607657308604,5.9865297588133
11.9887878830702,6.20479520920199,0.482450163459476,5.06375583100803,6.01122749452008
11.6694246110896,5.35371850875395,0.541218295916128,5.04183395458865,6.01596331472258
11.7225121324573,5.6130090541019,0.521176946487383,5.03291912399968,5.99518748203719
12.0383452756269,6.24907261956525,0.480902692480732,5.01246205366832,6.0325262859262
12.0623914713827,5.70548504547926,0.527002165448269,5.01646657188554,6.03207267745927
11.5307494114013,5.84170120233133,0.493380612663803,5.07619070121119,6.02519378962074
11.622796974167,6.24552439738343,0.462648757328822,5.04911295599668,5.99297504349482
11.8474608472443,6.66542982411386,0.437395918834014,5.06651162424588,5.97720051131614
11.8104775696505,5.56356918576479,0.52892936352874,5.0200208670316,6.01634653606118
12.357999353592,6.11505965284513,0.505173978580302,4.97703680457024,6.02632886073791
12.0738182260045,6.26931592984252,0.480751174774215,4.99197742350642,5.99793250740078
11.9427786449234,6.48135796414395,0.457298995749281,5.01434888071806,5.98965922465106
11.9810026647008,6.30638968683093,0.473634230513007,5.04572427795566,5.99339537178276
11.9132319646569,6.09412996803051,0.488457037845816,4.99523920950897,5.99802186841342
11.7322738221744,6.34598607691322,0.459100071043423,5.05076290093949,6.02547347880604
11.8662278229321,6.36359128910745,0.46372247490399,5.02564798380531,5.99162118665786
12.0542087123693,6.02540546472835,0.500140937617463,4.98448406670159,6.02872985658284
12.2027553373031,6.80149508345558,0.442626284355322,5.04703224324062,6.03540976486612
11.8538078167717,6.14693363353979,0.481438055302142,5.02560587895222,5.98032660291822
11.5119740249222,6.13287289250993,0.467261402846037,5.05029566701277,5.97933025963731
11.5641463419236,6.11930343242484,0.470838291777711,5.06402144792194,6.01956433756958
11.8242440186646,5.90175058808047,0.500877131868682,5.01572052255975,6.01377204828733
11.8721964446752,6.34816390154149,0.465291537996013,5.0888118256467,6.03727419038255
11.7860867167081,6.23166097325677,0.471269716315366,5.01177638086078,5.97106540638695
12.4175472297714,6.08349287280106,0.510089008704091,4.98173266689873,6.04028401472777
11.9334747934916,6.36546485478717,0.466587480600466,5.05778738534105,6.00703768646564
12.0128360436004,5.99407969106831,0.501027095574029,5.00573600485755,6.00095216370629
12.0777053631072,5.83689423861192,0.516721590473517,4.95110189220281,6.00551657573093
11.6744765744917,5.67675432819267,0.513746565683622,5.02886497074678,6.01114698944266
11.6703096823287,6.21410104886039,0.46752903581729,5.02468044308625,5.99962365878405
12.162913104562,6.24372413098316,0.486658822824171,5.00337319494209,6.02803059446245
11.6151090799336,6.50318050936538,0.440110250828349,5.07902754486127,6.0257021360801
12.1753539918627,5.88535002242135,0.516617748744324,4.99425123426121,6.00003264957857
11.7819528427779,5.76293321395897,0.510867740614703,5.01995184468543,6.01922584796259
11.9161122153336,5.76964347615592,0.515811585868453,5.03356217545267,6.031557544885
11.8322377823171,5.60113968361134,0.526620425767469,5.01515843957091,6.00700538840959
11.605866260679,5.83825076249051,0.496956915463461,5.07291013725741,6.0169766984676
12.5940286896594,6.54055945184123,0.480661858646432,4.95607206945881,6.02142042297721
11.7148511925026,6.09763709754935,0.479495129955063,5.06771584182322,5.99762008355956
11.3583003424867,5.90486339048488,0.48012790537003,5.08222068486956,6.00517001798008
11.8114327572399,6.29500685421668,0.46704121476219,5.02443674734995,5.99902503464244
11.8647020589521,6.27596738531239,0.471038770790111,5.07331024362064,6.02232036650894
12.0280146322225,5.27605574835161,0.561352732792885,4.94520665534965,5.99928265948634
12.0539528786811,6.65608851112823,0.447808650148255,5.00100491194564,5.97424346193632
11.7407974743013,6.22744261196691,0.469589469914819,5.04949608310944,6.02022207293999
12.466238273059,6.05505827763932,0.514283447419338,4.9725721245225,6.03916245373668
11.9861205557012,6.42611534701813,0.463870289210336,4.96024761784065,5.98828303622381
